cotID,cotA,cotB,cotC,cotD,cotE,cotF,cotG,cotH,cotI,mota1,mota2,fdate,fromFile
A,Cây lúa,Kế hoạch vụ/năm,Diện tích xuống giống (ha),Mật độ gieo sạ,0,0,Diện tích thu hoạch (ha),Năng suất (tấn/ha),Giá bán,Xã Vĩnh Thuận Đông,Huyện Long Mỹ,2020-10-25,190120211254PM-TDSX02_HuyenLongMy.xlsx
A.1,Lúa Đông Xuân,0,1818,35,1501,282,2033,8,5900,Xã Vĩnh Thuận Đông,Huyện Long Mỹ,2020-10-25,190120211254PM-TDSX02_HuyenLongMy.xlsx
A.2,Lúa Hè Thu,0,2037.32,123,1709.32,205,2037.32,6.6,5000,Xã Vĩnh Thuận Đông,Huyện Long Mỹ,2020-10-25,190120211254PM-TDSX02_HuyenLongMy.xlsx
A.3,Lúa Thu Đông,0,2000,32,1857,111,10,5.4,4000,Xã Vĩnh Thuận Đông,Huyện Long Mỹ,2020-10-25,190120211254PM-TDSX02_HuyenLongMy.xlsx
B,Cây mía,Kế hoạch vụ/năm,Diện tích xuống giống (ha),Diện tích lưu gốc (ha),Diện tích trồng mới (ha),Diện tích thu hoạch (ha),Năng suất (tấn/ha),Giá bán,Giá thành,Xã Vĩnh Thuận Đông,Huyện Long Mỹ,2020-10-25,190120211254PM-TDSX02_HuyenLongMy.xlsx
B.1,Mía (ép lấy đường),0,0,0,0,0,0,0,0,Xã Vĩnh Thuận Đông,Huyện Long Mỹ,2020-10-25,190120211254PM-TDSX02_HuyenLongMy.xlsx
B.2,Mía (ép lấy nước giải khát),0,0,0,0,0,0,0,0,Xã Vĩnh Thuận Đông,Huyện Long Mỹ,2020-10-25,190120211254PM-TDSX02_HuyenLongMy.xlsx
C,Cây công nghiệp,Kế hoạch vụ/năm,Tổng diện tích trồng (ha),Diện tích trồng mới (ha),Diện tích thu hoạch (ha),Năng suất (tấn/ha),Giá bán,Giá thành,Ghi chú,Xã Vĩnh Thuận Đông,Huyện Long Mỹ,2020-10-25,190120211254PM-TDSX02_HuyenLongMy.xlsx
C.1,Cây dừa,0,57.660000000000004,34.24,23.42,9.1,65000,0,Giá bán đồng/chục,Xã Vĩnh Thuận Đông,Huyện Long Mỹ,2020-10-25,190120211254PM-TDSX02_HuyenLongMy.xlsx
C.2,Cây tiêu,0,4.85,0.55,4.3,5,45000,0,Giá bán đồng/kg,Xã Vĩnh Thuận Đông,Huyện Long Mỹ,2020-10-25,190120211254PM-TDSX02_HuyenLongMy.xlsx
C.3,Cây tràm,0,0,0,0,0,0,0,Giá bán đồng/ha,Xã Vĩnh Thuận Đông,Huyện Long Mỹ,2020-10-25,190120211254PM-TDSX02_HuyenLongMy.xlsx
D,Cây ăn trái,Kế hoạch vụ/năm,Tổng diện tích trồng (ha),Diện tích chưa cho trái (ha),Diện tích cho sản phẩm (ha),Năng suất (tấn/ha),Giá bán,Giá thành,Ghi chú,Xã Vĩnh Thuận Đông,Huyện Long Mỹ,2020-10-25,190120211254PM-TDSX02_HuyenLongMy.xlsx
D.1,Bưởi,0,64.03999999999999,2.62,61.419999999999995,14.925105828720287,27500,0,0,Xã Vĩnh Thuận Đông,Huyện Long Mỹ,2020-10-25,190120211254PM-TDSX02_HuyenLongMy.xlsx
D.1.1,Bưởi da xanh,0,61.739999999999995,2.62,59.12,15,35000,0,0,Xã Vĩnh Thuận Đông,Huyện Long Mỹ,2020-10-25,190120211254PM-TDSX02_HuyenLongMy.xlsx
D.1.2,Bưởi 5 Roi,0,2.3,0,2.3,13,20000,0,0,Xã Vĩnh Thuận Đông,Huyện Long Mỹ,2020-10-25,190120211254PM-TDSX02_HuyenLongMy.xlsx
D.2,Quýt,0,18.6,0,18.6,13,26000,0,0,Xã Vĩnh Thuận Đông,Huyện Long Mỹ,2020-10-25,190120211254PM-TDSX02_HuyenLongMy.xlsx
D.2.1,Quýt đường,0,18.6,0,18.6,13,26000,0,0,Xã Vĩnh Thuận Đông,Huyện Long Mỹ,2020-10-25,190120211254PM-TDSX02_HuyenLongMy.xlsx
D.2.2,Quýt khác,0,0,0,0,0,0,0,0,Xã Vĩnh Thuận Đông,Huyện Long Mỹ,2020-10-25,190120211254PM-TDSX02_HuyenLongMy.xlsx
D.3,Cam,0,63.25,0,63.25,14.474308300395258,12500,0,0,Xã Vĩnh Thuận Đông,Huyện Long Mỹ,2020-10-25,190120211254PM-TDSX02_HuyenLongMy.xlsx
D.3.1,Cam sành,0,30,0,30,15,9000,0,0,Xã Vĩnh Thuận Đông,Huyện Long Mỹ,2020-10-25,190120211254PM-TDSX02_HuyenLongMy.xlsx
D.3.2,Cam xoàn,0,33.25,0,33.25,14,16000,0,0,Xã Vĩnh Thuận Đông,Huyện Long Mỹ,2020-10-25,190120211254PM-TDSX02_HuyenLongMy.xlsx
D.3.3,Cam khác,0,0,0,0,0,0,0,0,Xã Vĩnh Thuận Đông,Huyện Long Mỹ,2020-10-25,190120211254PM-TDSX02_HuyenLongMy.xlsx
D.3.4,Cam mật,0,0,0,0,0,0,0,0,Xã Vĩnh Thuận Đông,Huyện Long Mỹ,2020-10-25,190120211254PM-TDSX02_HuyenLongMy.xlsx
D.4,"Chanh, hạnh",0,46.11,0,46.11,15.171546302320538,10333.333333333334,0,0,Xã Vĩnh Thuận Đông,Huyện Long Mỹ,2020-10-25,190120211254PM-TDSX02_HuyenLongMy.xlsx
D.4.1,Chanh không hạt,0,28.91,0,28.91,16,11000,0,0,Xã Vĩnh Thuận Đông,Huyện Long Mỹ,2020-10-25,190120211254PM-TDSX02_HuyenLongMy.xlsx
D.4.2,Chanh khác,0,13,0,13,15,10000,0,0,Xã Vĩnh Thuận Đông,Huyện Long Mỹ,2020-10-25,190120211254PM-TDSX02_HuyenLongMy.xlsx
D.4.3,Cây hạnh (tắc),0,4.2,0,4.2,10,10000,0,0,Xã Vĩnh Thuận Đông,Huyện Long Mỹ,2020-10-25,190120211254PM-TDSX02_HuyenLongMy.xlsx
D.5,Sầu riêng,0,8.23,0,8.23,19.392466585662213,42500,0,0,Xã Vĩnh Thuận Đông,Huyện Long Mỹ,2020-10-25,190120211254PM-TDSX02_HuyenLongMy.xlsx
D.5.1,Sầu riêng Ri 6,0,5.73,0,5.73,20,45000,0,0,Xã Vĩnh Thuận Đông,Huyện Long Mỹ,2020-10-25,190120211254PM-TDSX02_HuyenLongMy.xlsx
D.5.2,Sầu riêng Monthong,0,2.5,0,2.5,18,40000,0,0,Xã Vĩnh Thuận Đông,Huyện Long Mỹ,2020-10-25,190120211254PM-TDSX02_HuyenLongMy.xlsx
D.5.3,Sầu riêng khổ qua,0,0,0,0,0,0,0,0,Xã Vĩnh Thuận Đông,Huyện Long Mỹ,2020-10-25,190120211254PM-TDSX02_HuyenLongMy.xlsx
D.5.4,Sầu riêng khác,0,0,0,0,0,0,0,0,Xã Vĩnh Thuận Đông,Huyện Long Mỹ,2020-10-25,190120211254PM-TDSX02_HuyenLongMy.xlsx
D.6,Xoài,0,1.9000000000000001,0,1.9000000000000001,10.31578947368421,15000,0,0,Xã Vĩnh Thuận Đông,Huyện Long Mỹ,2020-10-25,190120211254PM-TDSX02_HuyenLongMy.xlsx
D.6.1,Xoài cát Hòa Lộc,0,1.1,0,1.1,12,20000,0,0,Xã Vĩnh Thuận Đông,Huyện Long Mỹ,2020-10-25,190120211254PM-TDSX02_HuyenLongMy.xlsx
D.6.2,Xoài Đài Loan,0,0.8,0,0.8,8,10000,0,0,Xã Vĩnh Thuận Đông,Huyện Long Mỹ,2020-10-25,190120211254PM-TDSX02_HuyenLongMy.xlsx
D.6.3,Xoài Cát Chu,0,0,0,0,0,0,0,0,Xã Vĩnh Thuận Đông,Huyện Long Mỹ,2020-10-25,190120211254PM-TDSX02_HuyenLongMy.xlsx
D.6.4,Xoài khác,0,0,0,0,0,0,0,0,Xã Vĩnh Thuận Đông,Huyện Long Mỹ,2020-10-25,190120211254PM-TDSX02_HuyenLongMy.xlsx
D.7,Ổi,0,8.65,0,8.65,17.803468208092486,10500,0,0,Xã Vĩnh Thuận Đông,Huyện Long Mỹ,2020-10-25,190120211254PM-TDSX02_HuyenLongMy.xlsx
D.7.1,Ổi lê,0,6.95,0,6.95,18,10000,0,0,Xã Vĩnh Thuận Đông,Huyện Long Mỹ,2020-10-25,190120211254PM-TDSX02_HuyenLongMy.xlsx
D.7.2,Ổi Nữ Hoàng,0,1.7,0,1.7,17,11000,0,0,Xã Vĩnh Thuận Đông,Huyện Long Mỹ,2020-10-25,190120211254PM-TDSX02_HuyenLongMy.xlsx
D.7.3,Ổi khác,0,0,0,0,0,0,0,0,Xã Vĩnh Thuận Đông,Huyện Long Mỹ,2020-10-25,190120211254PM-TDSX02_HuyenLongMy.xlsx
D.8,Nhãn,0,1.2000000000000002,0.4,0.8,12.000000000000002,23000,0,0,Xã Vĩnh Thuận Đông,Huyện Long Mỹ,2020-10-25,190120211254PM-TDSX02_HuyenLongMy.xlsx
D.8.1,Nhãn IDOR,0,1.2000000000000002,0.4,0.8,12,23000,0,0,Xã Vĩnh Thuận Đông,Huyện Long Mỹ,2020-10-25,190120211254PM-TDSX02_HuyenLongMy.xlsx
D.8.2,Nhãn tiêu da bò,0,0,0,0,0,0,0,0,Xã Vĩnh Thuận Đông,Huyện Long Mỹ,2020-10-25,190120211254PM-TDSX02_HuyenLongMy.xlsx
D.8.3,Nhãn khác,0,0,0,0,0,0,0,0,Xã Vĩnh Thuận Đông,Huyện Long Mỹ,2020-10-25,190120211254PM-TDSX02_HuyenLongMy.xlsx
D.9,Chôm chôm,0,0,0,0,0,0,0,0,Xã Vĩnh Thuận Đông,Huyện Long Mỹ,2020-10-25,190120211254PM-TDSX02_HuyenLongMy.xlsx
D.9.1,Chôm chôm Thái,0,0,0,0,0,0,0,0,Xã Vĩnh Thuận Đông,Huyện Long Mỹ,2020-10-25,190120211254PM-TDSX02_HuyenLongMy.xlsx
D.9.2,Chôm chôm nhãn,0,0,0,0,0,0,0,0,Xã Vĩnh Thuận Đông,Huyện Long Mỹ,2020-10-25,190120211254PM-TDSX02_HuyenLongMy.xlsx
D.9.3,Chôm chôm thường,0,0,0,0,0,0,0,0,Xã Vĩnh Thuận Đông,Huyện Long Mỹ,2020-10-25,190120211254PM-TDSX02_HuyenLongMy.xlsx
D.9.4,Chôm chôm khác,0,0,0,0,0,0,0,0,Xã Vĩnh Thuận Đông,Huyện Long Mỹ,2020-10-25,190120211254PM-TDSX02_HuyenLongMy.xlsx
D.10,Chuối,0,36.5,0,36.5,17,4000,0,0,Xã Vĩnh Thuận Đông,Huyện Long Mỹ,2020-10-25,190120211254PM-TDSX02_HuyenLongMy.xlsx
D.10.1,Chuối xiêm,0,36.5,0,36.5,17,4000,0,0,Xã Vĩnh Thuận Đông,Huyện Long Mỹ,2020-10-25,190120211254PM-TDSX02_HuyenLongMy.xlsx
D.10.2,Chuối già,0,0,0,0,0,0,0,0,Xã Vĩnh Thuận Đông,Huyện Long Mỹ,2020-10-25,190120211254PM-TDSX02_HuyenLongMy.xlsx
D.10.3,Chuối khác,0,0,0,0,0,0,0,0,Xã Vĩnh Thuận Đông,Huyện Long Mỹ,2020-10-25,190120211254PM-TDSX02_HuyenLongMy.xlsx
D.11,Khóm,0,4.699999999999999,1.9,2.8,15.000000000000002,10000,0,0,Xã Vĩnh Thuận Đông,Huyện Long Mỹ,2020-10-25,190120211254PM-TDSX02_HuyenLongMy.xlsx
D.11.1,Khóm Queen,0,4.699999999999999,1.9,2.8,15,10000,0,0,Xã Vĩnh Thuận Đông,Huyện Long Mỹ,2020-10-25,190120211254PM-TDSX02_HuyenLongMy.xlsx
D.11.2,Khóm Cayeen,0,0,0,0,0,0,0,0,Xã Vĩnh Thuận Đông,Huyện Long Mỹ,2020-10-25,190120211254PM-TDSX02_HuyenLongMy.xlsx
D.11.3,Khóm MD2,0,0,0,0,0,0,0,0,Xã Vĩnh Thuận Đông,Huyện Long Mỹ,2020-10-25,190120211254PM-TDSX02_HuyenLongMy.xlsx
D.12,Dâu,0,5.78,0,5.78,18,13000,0,0,Xã Vĩnh Thuận Đông,Huyện Long Mỹ,2020-10-25,190120211254PM-TDSX02_HuyenLongMy.xlsx
D.13,Mãng cầu xiêm,0,2.42,0,2.42,18,12000,0,0,Xã Vĩnh Thuận Đông,Huyện Long Mỹ,2020-10-25,190120211254PM-TDSX02_HuyenLongMy.xlsx
D.14,Thanh long,0,0.8,0,0.8,17,14000,0,0,Xã Vĩnh Thuận Đông,Huyện Long Mỹ,2020-10-25,190120211254PM-TDSX02_HuyenLongMy.xlsx
D.15,Đu đủ,0,0,0,0,0,0,0,0,Xã Vĩnh Thuận Đông,Huyện Long Mỹ,2020-10-25,190120211254PM-TDSX02_HuyenLongMy.xlsx
D.16,Mít,0,8,8,0,0,0,0,0,Xã Vĩnh Thuận Đông,Huyện Long Mỹ,2020-10-25,190120211254PM-TDSX02_HuyenLongMy.xlsx
D.17,Mận,0,12.22,0,12.22,20,10000,0,0,Xã Vĩnh Thuận Đông,Huyện Long Mỹ,2020-10-25,190120211254PM-TDSX02_HuyenLongMy.xlsx
D.18,Măng cụt,0,10.05,0,10.05,26,29000,0,0,Xã Vĩnh Thuận Đông,Huyện Long Mỹ,2020-10-25,190120211254PM-TDSX02_HuyenLongMy.xlsx
D.19,Vú sữa,0,8,0,8,26,14000,0,0,Xã Vĩnh Thuận Đông,Huyện Long Mỹ,2020-10-25,190120211254PM-TDSX02_HuyenLongMy.xlsx
D.20,Cây ăn trái khác,0,159.02,20,139.02,8,8000,0,0,Xã Vĩnh Thuận Đông,Huyện Long Mỹ,2020-10-25,190120211254PM-TDSX02_HuyenLongMy.xlsx
E,Cây rau màu,Kế hoạch vụ/năm,Diện tích đất trồng (ha),Diện tích xuống giống mới (ha),Diện tích đã thu hoạch (ha),Năng suất (tấn/ha),Diện tích lũy kế (ha),Giá bán,Giá thành,Xã Vĩnh Thuận Đông,Huyện Long Mỹ,2020-10-25,190120211254PM-TDSX02_HuyenLongMy.xlsx
E.1,"Rau ăn lá các loại, bắp cải",0,0,0,129,8,129,8000,0,Xã Vĩnh Thuận Đông,Huyện Long Mỹ,2020-10-25,190120211254PM-TDSX02_HuyenLongMy.xlsx
E.2,Hành lá,0,0,0,0,0,0,0,0,Xã Vĩnh Thuận Đông,Huyện Long Mỹ,2020-10-25,190120211254PM-TDSX02_HuyenLongMy.xlsx
E.3,Hẹ,0,0,0,39,11,39,11000,0,Xã Vĩnh Thuận Đông,Huyện Long Mỹ,2020-10-25,190120211254PM-TDSX02_HuyenLongMy.xlsx
E.4,Rau gia vị các loại,0,0,0,87,6.2,87,10000,0,Xã Vĩnh Thuận Đông,Huyện Long Mỹ,2020-10-25,190120211254PM-TDSX02_HuyenLongMy.xlsx
E.5,Gừng,0,0,0,0,0,0,0,0,Xã Vĩnh Thuận Đông,Huyện Long Mỹ,2020-10-25,190120211254PM-TDSX02_HuyenLongMy.xlsx
E.6,Dưa hấu,0,0,0,177.24,23,177.24,5500,0,Xã Vĩnh Thuận Đông,Huyện Long Mỹ,2020-10-25,190120211254PM-TDSX02_HuyenLongMy.xlsx
E.7,Dưa leo,0,0,0,39,25,39,9000,0,Xã Vĩnh Thuận Đông,Huyện Long Mỹ,2020-10-25,190120211254PM-TDSX02_HuyenLongMy.xlsx
E.8,Dưa lưới,0,0,0,0,0,0,0,0,Xã Vĩnh Thuận Đông,Huyện Long Mỹ,2020-10-25,190120211254PM-TDSX02_HuyenLongMy.xlsx
E.9,Dưa lê,0,0,0,0,0,0,0,0,Xã Vĩnh Thuận Đông,Huyện Long Mỹ,2020-10-25,190120211254PM-TDSX02_HuyenLongMy.xlsx
E.10,Khổ qua,0,0,0,42,27,42,13000,0,Xã Vĩnh Thuận Đông,Huyện Long Mỹ,2020-10-25,190120211254PM-TDSX02_HuyenLongMy.xlsx
E.11,"Bầu, bí, mướp",0,0,0,1,16,1,6000,0,Xã Vĩnh Thuận Đông,Huyện Long Mỹ,2020-10-25,190120211254PM-TDSX02_HuyenLongMy.xlsx
E.12,Ớt,0,0,0,0,0,0,0,0,Xã Vĩnh Thuận Đông,Huyện Long Mỹ,2020-10-25,190120211254PM-TDSX02_HuyenLongMy.xlsx
E.13,Cà chua,0,0,0,0,0,0,0,0,Xã Vĩnh Thuận Đông,Huyện Long Mỹ,2020-10-25,190120211254PM-TDSX02_HuyenLongMy.xlsx
E.14,Cà phổi,0,0,0,27,9,27,10000,0,Xã Vĩnh Thuận Đông,Huyện Long Mỹ,2020-10-25,190120211254PM-TDSX02_HuyenLongMy.xlsx
E.15,"Đậu đũa, cove",0,0,0,42,8.3,42,15000,0,Xã Vĩnh Thuận Đông,Huyện Long Mỹ,2020-10-25,190120211254PM-TDSX02_HuyenLongMy.xlsx
E.16,Đậu bắp,0,0,0,26,8,26,9000,0,Xã Vĩnh Thuận Đông,Huyện Long Mỹ,2020-10-25,190120211254PM-TDSX02_HuyenLongMy.xlsx
E.17,"Đậu xanh, đậu trắng, đậu đỏ",0,0,0,0,0,0,0,0,Xã Vĩnh Thuận Đông,Huyện Long Mỹ,2020-10-25,190120211254PM-TDSX02_HuyenLongMy.xlsx
E.18,Bắp,0,0,0,31.5,5.3,31.5,6000,0,Xã Vĩnh Thuận Đông,Huyện Long Mỹ,2020-10-25,190120211254PM-TDSX02_HuyenLongMy.xlsx
E.19,Bắp lai,0,0,0,0,0,0,0,0,Xã Vĩnh Thuận Đông,Huyện Long Mỹ,2020-10-25,190120211254PM-TDSX02_HuyenLongMy.xlsx
E.20,Khoai lang,0,0,0,0,0,0,0,0,Xã Vĩnh Thuận Đông,Huyện Long Mỹ,2020-10-25,190120211254PM-TDSX02_HuyenLongMy.xlsx
E.21,"Khoai ngọt, khoai môn",0,0,0,0,0,0,0,0,Xã Vĩnh Thuận Đông,Huyện Long Mỹ,2020-10-25,190120211254PM-TDSX02_HuyenLongMy.xlsx
E.22,Khoai từ,0,0,0,0,0,0,0,0,Xã Vĩnh Thuận Đông,Huyện Long Mỹ,2020-10-25,190120211254PM-TDSX02_HuyenLongMy.xlsx
E.23,Khoai mì,0,0,0,0,0,0,0,0,Xã Vĩnh Thuận Đông,Huyện Long Mỹ,2020-10-25,190120211254PM-TDSX02_HuyenLongMy.xlsx
E.24,Sương sáo,0,0,0,0,0,0,0,0,Xã Vĩnh Thuận Đông,Huyện Long Mỹ,2020-10-25,190120211254PM-TDSX02_HuyenLongMy.xlsx
E.25,Trầu,0,0,0,3.26,0,3.26,5000,0,Xã Vĩnh Thuận Đông,Huyện Long Mỹ,2020-10-25,190120211254PM-TDSX02_HuyenLongMy.xlsx
E.26,Nấm rơm,0,0,0,66,1.3,66,50000,0,Xã Vĩnh Thuận Đông,Huyện Long Mỹ,2020-10-25,190120211254PM-TDSX02_HuyenLongMy.xlsx
E.27,Cây rau khác,0,0,0,0,0,0,0,Cụ thể loại cây,Xã Vĩnh Thuận Đông,Huyện Long Mỹ,2020-10-25,190120211254PM-TDSX02_HuyenLongMy.xlsx
A,Cây lúa,Kế hoạch vụ/năm,Diện tích xuống giống (ha),Mật độ gieo sạ,0,0,Diện tích thu hoạch (ha),Năng suất (tấn/ha),Giá bán,Xã Xà Phiên,Huyện Long Mỹ,2020-10-25,190120211254PM-TDSX02_HuyenLongMy.xlsx
A.1,Lúa Đông Xuân,0,3585,185,3147,253,3585,7.8,5300,Xã Xà Phiên,Huyện Long Mỹ,2020-10-25,190120211254PM-TDSX02_HuyenLongMy.xlsx
A.2,Lúa Hè Thu,0,3585,600,2625,360,3585,6.56,0,Xã Xà Phiên,Huyện Long Mỹ,2020-10-25,190120211254PM-TDSX02_HuyenLongMy.xlsx
A.3,Lúa Thu Đông,0,142,33,109,0,0,0,0,Xã Xà Phiên,Huyện Long Mỹ,2020-10-25,190120211254PM-TDSX02_HuyenLongMy.xlsx
B,Cây mía,Kế hoạch vụ/năm,Diện tích xuống giống (ha),Diện tích lưu gốc (ha),Diện tích trồng mới (ha),Diện tích thu hoạch (ha),Năng suất (tấn/ha),Giá bán,Giá thành,Xã Xà Phiên,Huyện Long Mỹ,2020-10-25,190120211254PM-TDSX02_HuyenLongMy.xlsx
B.1,Mía (ép lấy đường),0,0,0,0,0,0,0,0,Xã Xà Phiên,Huyện Long Mỹ,2020-10-25,190120211254PM-TDSX02_HuyenLongMy.xlsx
B.2,Mía (ép lấy nước giải khát),0,0,0,0,0,0,0,0,Xã Xà Phiên,Huyện Long Mỹ,2020-10-25,190120211254PM-TDSX02_HuyenLongMy.xlsx
C,Cây công nghiệp,Kế hoạch vụ/năm,Tổng diện tích trồng (ha),Diện tích trồng mới (ha),Diện tích thu hoạch (ha),Năng suất (tấn/ha),Giá bán,Giá thành,Ghi chú,Xã Xà Phiên,Huyện Long Mỹ,2020-10-25,190120211254PM-TDSX02_HuyenLongMy.xlsx
C.1,Cây dừa,0,50.69,10.19,40.5,10.06,45000,0,Giá bán đồng/chục,Xã Xà Phiên,Huyện Long Mỹ,2020-10-25,190120211254PM-TDSX02_HuyenLongMy.xlsx
C.2,Cây tiêu,0,0,0,0,0,0,0,Giá bán đồng/kg,Xã Xà Phiên,Huyện Long Mỹ,2020-10-25,190120211254PM-TDSX02_HuyenLongMy.xlsx
C.3,Cây tràm,0,50.02,50.02,0,0,0,0,Giá bán đồng/ha,Xã Xà Phiên,Huyện Long Mỹ,2020-10-25,190120211254PM-TDSX02_HuyenLongMy.xlsx
D,Cây ăn trái,Kế hoạch vụ/năm,Tổng diện tích trồng (ha),Diện tích chưa cho trái (ha),Diện tích cho sản phẩm (ha),Năng suất (tấn/ha),Giá bán,Giá thành,Ghi chú,Xã Xà Phiên,Huyện Long Mỹ,2020-10-25,190120211254PM-TDSX02_HuyenLongMy.xlsx
D.1,Bưởi,0,34.82,1.31,33.51,16.3,30000,0,0,Xã Xà Phiên,Huyện Long Mỹ,2020-10-25,190120211254PM-TDSX02_HuyenLongMy.xlsx
D.1.1,Bưởi da xanh,0,34.82,1.31,33.51,16.3,30000,0,0,Xã Xà Phiên,Huyện Long Mỹ,2020-10-25,190120211254PM-TDSX02_HuyenLongMy.xlsx
D.1.2,Bưởi 5 Roi,0,0,0,0,0,0,0,0,Xã Xà Phiên,Huyện Long Mỹ,2020-10-25,190120211254PM-TDSX02_HuyenLongMy.xlsx
D.2,Quýt,0,12.83,0,12.83,14.3125,20000,0,0,Xã Xà Phiên,Huyện Long Mỹ,2020-10-25,190120211254PM-TDSX02_HuyenLongMy.xlsx
D.2.1,Quýt đường,0,12.83,0,12.83,14.3125,20000,0,0,Xã Xà Phiên,Huyện Long Mỹ,2020-10-25,190120211254PM-TDSX02_HuyenLongMy.xlsx
D.2.2,Quýt khác,0,0,0,0,0,0,0,0,Xã Xà Phiên,Huyện Long Mỹ,2020-10-25,190120211254PM-TDSX02_HuyenLongMy.xlsx
D.3,Cam,0,8.829999999999998,0.2,8.629999999999999,16.125,10000,0,0,Xã Xà Phiên,Huyện Long Mỹ,2020-10-25,190120211254PM-TDSX02_HuyenLongMy.xlsx
D.3.1,Cam sành,0,0,0,0,0,0,0,0,Xã Xà Phiên,Huyện Long Mỹ,2020-10-25,190120211254PM-TDSX02_HuyenLongMy.xlsx
D.3.2,Cam xoàn,0,8.829999999999998,0.2,8.629999999999999,16.125,10000,0,0,Xã Xà Phiên,Huyện Long Mỹ,2020-10-25,190120211254PM-TDSX02_HuyenLongMy.xlsx
D.3.3,Cam khác,0,0,0,0,0,0,0,0,Xã Xà Phiên,Huyện Long Mỹ,2020-10-25,190120211254PM-TDSX02_HuyenLongMy.xlsx
D.3.4,Cam mật,0,0,0,0,0,0,0,0,Xã Xà Phiên,Huyện Long Mỹ,2020-10-25,190120211254PM-TDSX02_HuyenLongMy.xlsx
D.4,"Chanh, hạnh",0,11.16,0.13,11.03,18,10000,0,0,Xã Xà Phiên,Huyện Long Mỹ,2020-10-25,190120211254PM-TDSX02_HuyenLongMy.xlsx
D.4.1,Chanh không hạt,0,0,0,0,0,0,0,0,Xã Xà Phiên,Huyện Long Mỹ,2020-10-25,190120211254PM-TDSX02_HuyenLongMy.xlsx
D.4.2,Chanh khác,0,11.16,0.13,11.03,18,10000,0,0,Xã Xà Phiên,Huyện Long Mỹ,2020-10-25,190120211254PM-TDSX02_HuyenLongMy.xlsx
D.4.3,Cây hạnh (tắc),0,0,0,0,0,0,0,0,Xã Xà Phiên,Huyện Long Mỹ,2020-10-25,190120211254PM-TDSX02_HuyenLongMy.xlsx
D.5,Sầu riêng,0,0,0,0,0,0,0,0,Xã Xà Phiên,Huyện Long Mỹ,2020-10-25,190120211254PM-TDSX02_HuyenLongMy.xlsx
D.5.1,Sầu riêng Ri 6,0,0,0,0,0,0,0,0,Xã Xà Phiên,Huyện Long Mỹ,2020-10-25,190120211254PM-TDSX02_HuyenLongMy.xlsx
D.5.2,Sầu riêng Monthong,0,0,0,0,0,0,0,0,Xã Xà Phiên,Huyện Long Mỹ,2020-10-25,190120211254PM-TDSX02_HuyenLongMy.xlsx
D.5.3,Sầu riêng khổ qua,0,0,0,0,0,0,0,0,Xã Xà Phiên,Huyện Long Mỹ,2020-10-25,190120211254PM-TDSX02_HuyenLongMy.xlsx
D.5.4,Sầu riêng khác,0,0,0,0,0,0,0,0,Xã Xà Phiên,Huyện Long Mỹ,2020-10-25,190120211254PM-TDSX02_HuyenLongMy.xlsx
D.6,Xoài,0,2.1,0.30000000000000004,1.8,6.75,7500,0,0,Xã Xà Phiên,Huyện Long Mỹ,2020-10-25,190120211254PM-TDSX02_HuyenLongMy.xlsx
D.6.1,Xoài cát Hòa Lộc,0,0,0,0,0,0,0,0,Xã Xà Phiên,Huyện Long Mỹ,2020-10-25,190120211254PM-TDSX02_HuyenLongMy.xlsx
D.6.2,Xoài Đài Loan,0,2.1,0.30000000000000004,1.8,6.75,7500,0,0,Xã Xà Phiên,Huyện Long Mỹ,2020-10-25,190120211254PM-TDSX02_HuyenLongMy.xlsx
D.6.3,Xoài Cát Chu,0,0,0,0,0,0,0,0,Xã Xà Phiên,Huyện Long Mỹ,2020-10-25,190120211254PM-TDSX02_HuyenLongMy.xlsx
D.6.4,Xoài khác,0,0,0,0,0,0,0,0,Xã Xà Phiên,Huyện Long Mỹ,2020-10-25,190120211254PM-TDSX02_HuyenLongMy.xlsx
D.7,Ổi,0,4.859999999999999,0.7,4.159999999999999,15,8000,0,0,Xã Xà Phiên,Huyện Long Mỹ,2020-10-25,190120211254PM-TDSX02_HuyenLongMy.xlsx
D.7.1,Ổi lê,0,4.859999999999999,0.7,4.159999999999999,15,8000,0,0,Xã Xà Phiên,Huyện Long Mỹ,2020-10-25,190120211254PM-TDSX02_HuyenLongMy.xlsx
D.7.2,Ổi Nữ Hoàng,0,0,0,0,0,0,0,0,Xã Xà Phiên,Huyện Long Mỹ,2020-10-25,190120211254PM-TDSX02_HuyenLongMy.xlsx
D.7.3,Ổi khác,0,0,0,0,0,0,0,0,Xã Xà Phiên,Huyện Long Mỹ,2020-10-25,190120211254PM-TDSX02_HuyenLongMy.xlsx
D.8,Nhãn,0,0,0,0,0,0,0,0,Xã Xà Phiên,Huyện Long Mỹ,2020-10-25,190120211254PM-TDSX02_HuyenLongMy.xlsx
D.8.1,Nhãn IDOR,0,0,0,0,0,0,0,0,Xã Xà Phiên,Huyện Long Mỹ,2020-10-25,190120211254PM-TDSX02_HuyenLongMy.xlsx
D.8.2,Nhãn tiêu da bò,0,0,0,0,0,0,0,0,Xã Xà Phiên,Huyện Long Mỹ,2020-10-25,190120211254PM-TDSX02_HuyenLongMy.xlsx
D.8.3,Nhãn khác,0,0,0,0,0,0,0,0,Xã Xà Phiên,Huyện Long Mỹ,2020-10-25,190120211254PM-TDSX02_HuyenLongMy.xlsx
D.9,Chôm chôm,0,0,0,0,0,0,0,0,Xã Xà Phiên,Huyện Long Mỹ,2020-10-25,190120211254PM-TDSX02_HuyenLongMy.xlsx
D.9.1,Chôm chôm Thái,0,0,0,0,0,0,0,0,Xã Xà Phiên,Huyện Long Mỹ,2020-10-25,190120211254PM-TDSX02_HuyenLongMy.xlsx
D.9.2,Chôm chôm nhãn,0,0,0,0,0,0,0,0,Xã Xà Phiên,Huyện Long Mỹ,2020-10-25,190120211254PM-TDSX02_HuyenLongMy.xlsx
D.9.3,Chôm chôm thường,0,0,0,0,0,0,0,0,Xã Xà Phiên,Huyện Long Mỹ,2020-10-25,190120211254PM-TDSX02_HuyenLongMy.xlsx
D.9.4,Chôm chôm khác,0,0,0,0,0,0,0,0,Xã Xà Phiên,Huyện Long Mỹ,2020-10-25,190120211254PM-TDSX02_HuyenLongMy.xlsx
D.10,Chuối,0,22.1,5.199999999999999,16.900000000000002,18.9375,4000,0,0,Xã Xà Phiên,Huyện Long Mỹ,2020-10-25,190120211254PM-TDSX02_HuyenLongMy.xlsx
D.10.1,Chuối xiêm,0,22.1,5.199999999999999,16.900000000000002,18.9375,4000,0,0,Xã Xà Phiên,Huyện Long Mỹ,2020-10-25,190120211254PM-TDSX02_HuyenLongMy.xlsx
D.10.2,Chuối già,0,0,0,0,0,0,0,0,Xã Xà Phiên,Huyện Long Mỹ,2020-10-25,190120211254PM-TDSX02_HuyenLongMy.xlsx
D.10.3,Chuối khác,0,0,0,0,0,0,0,0,Xã Xà Phiên,Huyện Long Mỹ,2020-10-25,190120211254PM-TDSX02_HuyenLongMy.xlsx
D.11,Khóm,0,5.87,0,5.87,15,8000,0,0,Xã Xà Phiên,Huyện Long Mỹ,2020-10-25,190120211254PM-TDSX02_HuyenLongMy.xlsx
D.11.1,Khóm Queen,0,5.87,0,5.87,15,8000,0,0,Xã Xà Phiên,Huyện Long Mỹ,2020-10-25,190120211254PM-TDSX02_HuyenLongMy.xlsx
D.11.2,Khóm Cayeen,0,0,0,0,0,0,0,0,Xã Xà Phiên,Huyện Long Mỹ,2020-10-25,190120211254PM-TDSX02_HuyenLongMy.xlsx
D.11.3,Khóm MD2,0,0,0,0,0,0,0,0,Xã Xà Phiên,Huyện Long Mỹ,2020-10-25,190120211254PM-TDSX02_HuyenLongMy.xlsx
D.12,Dâu,0,0,0,0,0,0,0,0,Xã Xà Phiên,Huyện Long Mỹ,2020-10-25,190120211254PM-TDSX02_HuyenLongMy.xlsx
D.13,Mãng cầu xiêm,0,2.4,0,2.4,21.5,20000,0,0,Xã Xà Phiên,Huyện Long Mỹ,2020-10-25,190120211254PM-TDSX02_HuyenLongMy.xlsx
D.14,Thanh long,0,0,0,0,0,0,0,0,Xã Xà Phiên,Huyện Long Mỹ,2020-10-25,190120211254PM-TDSX02_HuyenLongMy.xlsx
D.15,Đu đủ,0,1.0499999999999998,0.15000000000000002,0.8999999999999999,15.1875,5000,0,0,Xã Xà Phiên,Huyện Long Mỹ,2020-10-25,190120211254PM-TDSX02_HuyenLongMy.xlsx
D.16,Mít,0,0.39,0.39,0,0,0,0,0,Xã Xà Phiên,Huyện Long Mỹ,2020-10-25,190120211254PM-TDSX02_HuyenLongMy.xlsx
D.17,Mận,0,0,0,0,0,0,0,0,Xã Xà Phiên,Huyện Long Mỹ,2020-10-25,190120211254PM-TDSX02_HuyenLongMy.xlsx
D.18,Măng cụt,0,0,0,0,0,0,0,0,Xã Xà Phiên,Huyện Long Mỹ,2020-10-25,190120211254PM-TDSX02_HuyenLongMy.xlsx
D.19,Vú sữa,0,0,0,0,0,0,0,0,Xã Xà Phiên,Huyện Long Mỹ,2020-10-25,190120211254PM-TDSX02_HuyenLongMy.xlsx
D.20,Cây ăn trái khác,0,285.64,42.49,243.15,12.5625,5000,0,0,Xã Xà Phiên,Huyện Long Mỹ,2020-10-25,190120211254PM-TDSX02_HuyenLongMy.xlsx
E,Cây rau màu,Kế hoạch vụ/năm,Diện tích đất trồng (ha),Diện tích xuống giống mới (ha),Diện tích đã thu hoạch (ha),Năng suất (tấn/ha),Diện tích lũy kế (ha),Giá bán,Giá thành,Xã Xà Phiên,Huyện Long Mỹ,2020-10-25,190120211254PM-TDSX02_HuyenLongMy.xlsx
E.1,"Rau ăn lá các loại, bắp cải",0,0,0,237,13.38,237,10000,0,Xã Xà Phiên,Huyện Long Mỹ,2020-10-25,190120211254PM-TDSX02_HuyenLongMy.xlsx
E.2,Hành lá,0,0,0,0,0,0,0,0,Xã Xà Phiên,Huyện Long Mỹ,2020-10-25,190120211254PM-TDSX02_HuyenLongMy.xlsx
E.3,Hẹ,0,0,0,8.4,20,8.4,13000,0,Xã Xà Phiên,Huyện Long Mỹ,2020-10-25,190120211254PM-TDSX02_HuyenLongMy.xlsx
E.4,Rau gia vị các loại,0,0,0,12.6,13.5,12.6,12000,0,Xã Xà Phiên,Huyện Long Mỹ,2020-10-25,190120211254PM-TDSX02_HuyenLongMy.xlsx
E.5,Gừng,0,0,0,2.8,24.125,2.8,30000,0,Xã Xà Phiên,Huyện Long Mỹ,2020-10-25,190120211254PM-TDSX02_HuyenLongMy.xlsx
E.6,Dưa hấu,0,0,0,0,0,0,0,0,Xã Xà Phiên,Huyện Long Mỹ,2020-10-25,190120211254PM-TDSX02_HuyenLongMy.xlsx
E.7,Dưa leo,0,0,0,4.2,19.88,4.2,10000,0,Xã Xà Phiên,Huyện Long Mỹ,2020-10-25,190120211254PM-TDSX02_HuyenLongMy.xlsx
E.8,Dưa lưới,0,0,0,0,0,0,0,0,Xã Xà Phiên,Huyện Long Mỹ,2020-10-25,190120211254PM-TDSX02_HuyenLongMy.xlsx
E.9,Dưa lê,0,0,0,1.3,18,1.3,6000,0,Xã Xà Phiên,Huyện Long Mỹ,2020-10-25,190120211254PM-TDSX02_HuyenLongMy.xlsx
E.10,Khổ qua,0,0,0,1.0999999999999999,16,1.0999999999999999,7000,0,Xã Xà Phiên,Huyện Long Mỹ,2020-10-25,190120211254PM-TDSX02_HuyenLongMy.xlsx
E.11,"Bầu, bí, mướp",0,0,0,6.6,23.625,6.6,7000,0,Xã Xà Phiên,Huyện Long Mỹ,2020-10-25,190120211254PM-TDSX02_HuyenLongMy.xlsx
E.12,Ớt,0,0,0,0,0,0,0,0,Xã Xà Phiên,Huyện Long Mỹ,2020-10-25,190120211254PM-TDSX02_HuyenLongMy.xlsx
E.13,Cà chua,0,0,0,0,0,0,0,0,Xã Xà Phiên,Huyện Long Mỹ,2020-10-25,190120211254PM-TDSX02_HuyenLongMy.xlsx
E.14,Cà phổi,0,0,0,0,0,0,0,0,Xã Xà Phiên,Huyện Long Mỹ,2020-10-25,190120211254PM-TDSX02_HuyenLongMy.xlsx
E.15,"Đậu đũa, cove",0,0,0,12.3,14,12.3,8000,0,Xã Xà Phiên,Huyện Long Mỹ,2020-10-25,190120211254PM-TDSX02_HuyenLongMy.xlsx
E.16,Đậu bắp,0,0,0,0,0,0,0,0,Xã Xà Phiên,Huyện Long Mỹ,2020-10-25,190120211254PM-TDSX02_HuyenLongMy.xlsx
E.17,"Đậu xanh, đậu trắng, đậu đỏ",0,0,0,111.2,14,111.2,20000,0,Xã Xà Phiên,Huyện Long Mỹ,2020-10-25,190120211254PM-TDSX02_HuyenLongMy.xlsx
E.18,Bắp,0,0,0,0.8,5.6325,0.8,7000,0,Xã Xà Phiên,Huyện Long Mỹ,2020-10-25,190120211254PM-TDSX02_HuyenLongMy.xlsx
E.19,Bắp lai,0,0,0,0,0,0,0,0,Xã Xà Phiên,Huyện Long Mỹ,2020-10-25,190120211254PM-TDSX02_HuyenLongMy.xlsx
E.20,Khoai lang,0,0,0,0,0,0,0,0,Xã Xà Phiên,Huyện Long Mỹ,2020-10-25,190120211254PM-TDSX02_HuyenLongMy.xlsx
E.21,"Khoai ngọt, khoai môn",0,0,0,0,0,0,0,0,Xã Xà Phiên,Huyện Long Mỹ,2020-10-25,190120211254PM-TDSX02_HuyenLongMy.xlsx
E.22,Khoai từ,0,0,0,0,0,0,0,0,Xã Xà Phiên,Huyện Long Mỹ,2020-10-25,190120211254PM-TDSX02_HuyenLongMy.xlsx
E.23,Khoai mì,0,0,0,9.04,18.67,9.04,5000,0,Xã Xà Phiên,Huyện Long Mỹ,2020-10-25,190120211254PM-TDSX02_HuyenLongMy.xlsx
E.24,Sương sáo,0,0,0,0,0,0,0,0,Xã Xà Phiên,Huyện Long Mỹ,2020-10-25,190120211254PM-TDSX02_HuyenLongMy.xlsx
E.25,Trầu,0,0,0,0,0,0,0,0,Xã Xà Phiên,Huyện Long Mỹ,2020-10-25,190120211254PM-TDSX02_HuyenLongMy.xlsx
E.26,Nấm rơm,0,0,0,198,3.5,198,25000,0,Xã Xà Phiên,Huyện Long Mỹ,2020-10-25,190120211254PM-TDSX02_HuyenLongMy.xlsx
E.27,Cây rau khác,0,0,0,0,0,0,0,Cụ thể loại cây,Xã Xà Phiên,Huyện Long Mỹ,2020-10-25,190120211254PM-TDSX02_HuyenLongMy.xlsx
A,Cây lúa,Kế hoạch vụ/năm,Diện tích xuống giống (ha),Mật độ gieo sạ,0,0,Diện tích thu hoạch (ha),Năng suất (tấn/ha),Giá bán,Xã Lương Tâm,Huyện Long Mỹ,2020-10-25,190120211254PM-TDSX02_HuyenLongMy.xlsx
A.1,Lúa Đông Xuân,0,1968,25,1943,0,1968,8,5285.71,Xã Lương Tâm,Huyện Long Mỹ,2020-10-25,190120211254PM-TDSX02_HuyenLongMy.xlsx
A.2,Lúa Hè Thu,0,1968,16,1912,40,1968,6.5,0,Xã Lương Tâm,Huyện Long Mỹ,2020-10-25,190120211254PM-TDSX02_HuyenLongMy.xlsx
A.3,Lúa Thu Đông,0,662,24,200,438,0,0,0,Xã Lương Tâm,Huyện Long Mỹ,2020-10-25,190120211254PM-TDSX02_HuyenLongMy.xlsx
B,Cây mía,Kế hoạch vụ/năm,Diện tích xuống giống (ha),Diện tích lưu gốc (ha),Diện tích trồng mới (ha),Diện tích thu hoạch (ha),Năng suất (tấn/ha),Giá bán,Giá thành,Xã Lương Tâm,Huyện Long Mỹ,2020-10-25,190120211254PM-TDSX02_HuyenLongMy.xlsx
B.1,Mía (ép lấy đường),0,0,0,0,0,0,0,0,Xã Lương Tâm,Huyện Long Mỹ,2020-10-25,190120211254PM-TDSX02_HuyenLongMy.xlsx
B.2,Mía (ép lấy nước giải khát),0,0,0,0,0,0,0,0,Xã Lương Tâm,Huyện Long Mỹ,2020-10-25,190120211254PM-TDSX02_HuyenLongMy.xlsx
C,Cây công nghiệp,Kế hoạch vụ/năm,Tổng diện tích trồng (ha),Diện tích trồng mới (ha),Diện tích thu hoạch (ha),Năng suất (tấn/ha),Giá bán,Giá thành,Ghi chú,Xã Lương Tâm,Huyện Long Mỹ,2020-10-25,190120211254PM-TDSX02_HuyenLongMy.xlsx
C.1,Cây dừa,0,17,0,17,15,50000,0,Giá bán đồng/chục,Xã Lương Tâm,Huyện Long Mỹ,2020-10-25,190120211254PM-TDSX02_HuyenLongMy.xlsx
C.2,Cây tiêu,0,0,0,0,0,0,0,Giá bán đồng/kg,Xã Lương Tâm,Huyện Long Mỹ,2020-10-25,190120211254PM-TDSX02_HuyenLongMy.xlsx
C.3,Cây tràm,0,147.1,147.1,0,0,0,0,Giá bán đồng/ha,Xã Lương Tâm,Huyện Long Mỹ,2020-10-25,190120211254PM-TDSX02_HuyenLongMy.xlsx
D,Cây ăn trái,Kế hoạch vụ/năm,Tổng diện tích trồng (ha),Diện tích chưa cho trái (ha),Diện tích cho sản phẩm (ha),Năng suất (tấn/ha),Giá bán,Giá thành,Ghi chú,Xã Lương Tâm,Huyện Long Mỹ,2020-10-25,190120211254PM-TDSX02_HuyenLongMy.xlsx
D.1,Bưởi,0,24.05,0,24.05,25,35000,0,0,Xã Lương Tâm,Huyện Long Mỹ,2020-10-25,190120211254PM-TDSX02_HuyenLongMy.xlsx
D.1.1,Bưởi da xanh,0,24.05,0,24.05,25,35000,0,0,Xã Lương Tâm,Huyện Long Mỹ,2020-10-25,190120211254PM-TDSX02_HuyenLongMy.xlsx
D.1.2,Bưởi 5 Roi,0,0,0,0,0,0,0,0,Xã Lương Tâm,Huyện Long Mỹ,2020-10-25,190120211254PM-TDSX02_HuyenLongMy.xlsx
D.2,Quýt,0,1.5,0,1.5,20,20000,0,0,Xã Lương Tâm,Huyện Long Mỹ,2020-10-25,190120211254PM-TDSX02_HuyenLongMy.xlsx
D.2.1,Quýt đường,0,1.5,0,1.5,20,20000,0,0,Xã Lương Tâm,Huyện Long Mỹ,2020-10-25,190120211254PM-TDSX02_HuyenLongMy.xlsx
D.2.2,Quýt khác,0,0,0,0,0,0,0,0,Xã Lương Tâm,Huyện Long Mỹ,2020-10-25,190120211254PM-TDSX02_HuyenLongMy.xlsx
D.3,Cam,0,4.45,0,4.45,20,25000,0,0,Xã Lương Tâm,Huyện Long Mỹ,2020-10-25,190120211254PM-TDSX02_HuyenLongMy.xlsx
D.3.1,Cam sành,0,0,0,0,0,0,0,0,Xã Lương Tâm,Huyện Long Mỹ,2020-10-25,190120211254PM-TDSX02_HuyenLongMy.xlsx
D.3.2,Cam xoàn,0,4.45,0,4.45,20,25000,0,0,Xã Lương Tâm,Huyện Long Mỹ,2020-10-25,190120211254PM-TDSX02_HuyenLongMy.xlsx
D.3.3,Cam khác,0,0,0,0,0,0,0,0,Xã Lương Tâm,Huyện Long Mỹ,2020-10-25,190120211254PM-TDSX02_HuyenLongMy.xlsx
D.3.4,Cam mật,0,0,0,0,0,0,0,0,Xã Lương Tâm,Huyện Long Mỹ,2020-10-25,190120211254PM-TDSX02_HuyenLongMy.xlsx
D.4,"Chanh, hạnh",0,0,0,0,0,0,0,0,Xã Lương Tâm,Huyện Long Mỹ,2020-10-25,190120211254PM-TDSX02_HuyenLongMy.xlsx
D.4.1,Chanh không hạt,0,0,0,0,0,0,0,0,Xã Lương Tâm,Huyện Long Mỹ,2020-10-25,190120211254PM-TDSX02_HuyenLongMy.xlsx
D.4.2,Chanh khác,0,0,0,0,0,0,0,0,Xã Lương Tâm,Huyện Long Mỹ,2020-10-25,190120211254PM-TDSX02_HuyenLongMy.xlsx
D.4.3,Cây hạnh (tắc),0,0,0,0,0,0,0,0,Xã Lương Tâm,Huyện Long Mỹ,2020-10-25,190120211254PM-TDSX02_HuyenLongMy.xlsx
D.5,Sầu riêng,0,0,0,0,0,0,0,0,Xã Lương Tâm,Huyện Long Mỹ,2020-10-25,190120211254PM-TDSX02_HuyenLongMy.xlsx
D.5.1,Sầu riêng Ri 6,0,0,0,0,0,0,0,0,Xã Lương Tâm,Huyện Long Mỹ,2020-10-25,190120211254PM-TDSX02_HuyenLongMy.xlsx
D.5.2,Sầu riêng Monthong,0,0,0,0,0,0,0,0,Xã Lương Tâm,Huyện Long Mỹ,2020-10-25,190120211254PM-TDSX02_HuyenLongMy.xlsx
D.5.3,Sầu riêng khổ qua,0,0,0,0,0,0,0,0,Xã Lương Tâm,Huyện Long Mỹ,2020-10-25,190120211254PM-TDSX02_HuyenLongMy.xlsx
D.5.4,Sầu riêng khác,0,0,0,0,0,0,0,0,Xã Lương Tâm,Huyện Long Mỹ,2020-10-25,190120211254PM-TDSX02_HuyenLongMy.xlsx
D.6,Xoài,0,0,0,0,0,0,0,0,Xã Lương Tâm,Huyện Long Mỹ,2020-10-25,190120211254PM-TDSX02_HuyenLongMy.xlsx
D.6.1,Xoài cát Hòa Lộc,0,0,0,0,0,0,0,0,Xã Lương Tâm,Huyện Long Mỹ,2020-10-25,190120211254PM-TDSX02_HuyenLongMy.xlsx
D.6.2,Xoài Đài Loan,0,0,0,0,0,0,0,0,Xã Lương Tâm,Huyện Long Mỹ,2020-10-25,190120211254PM-TDSX02_HuyenLongMy.xlsx
D.6.3,Xoài Cát Chu,0,0,0,0,0,0,0,0,Xã Lương Tâm,Huyện Long Mỹ,2020-10-25,190120211254PM-TDSX02_HuyenLongMy.xlsx
D.6.4,Xoài khác,0,0,0,0,0,0,0,0,Xã Lương Tâm,Huyện Long Mỹ,2020-10-25,190120211254PM-TDSX02_HuyenLongMy.xlsx
D.7,Ổi,0,8,0,8,15,10000,0,0,Xã Lương Tâm,Huyện Long Mỹ,2020-10-25,190120211254PM-TDSX02_HuyenLongMy.xlsx
D.7.1,Ổi lê,0,8,0,8,15,10000,0,0,Xã Lương Tâm,Huyện Long Mỹ,2020-10-25,190120211254PM-TDSX02_HuyenLongMy.xlsx
D.7.2,Ổi Nữ Hoàng,0,0,0,0,0,0,0,0,Xã Lương Tâm,Huyện Long Mỹ,2020-10-25,190120211254PM-TDSX02_HuyenLongMy.xlsx
D.7.3,Ổi khác,0,0,0,0,0,0,0,0,Xã Lương Tâm,Huyện Long Mỹ,2020-10-25,190120211254PM-TDSX02_HuyenLongMy.xlsx
D.8,Nhãn,0,0,0,0,0,0,0,0,Xã Lương Tâm,Huyện Long Mỹ,2020-10-25,190120211254PM-TDSX02_HuyenLongMy.xlsx
D.8.1,Nhãn IDOR,0,0,0,0,0,0,0,0,Xã Lương Tâm,Huyện Long Mỹ,2020-10-25,190120211254PM-TDSX02_HuyenLongMy.xlsx
D.8.2,Nhãn tiêu da bò,0,0,0,0,0,0,0,0,Xã Lương Tâm,Huyện Long Mỹ,2020-10-25,190120211254PM-TDSX02_HuyenLongMy.xlsx
D.8.3,Nhãn khác,0,0,0,0,0,0,0,0,Xã Lương Tâm,Huyện Long Mỹ,2020-10-25,190120211254PM-TDSX02_HuyenLongMy.xlsx
D.9,Chôm chôm,0,0,0,0,0,0,0,0,Xã Lương Tâm,Huyện Long Mỹ,2020-10-25,190120211254PM-TDSX02_HuyenLongMy.xlsx
D.9.1,Chôm chôm Thái,0,0,0,0,0,0,0,0,Xã Lương Tâm,Huyện Long Mỹ,2020-10-25,190120211254PM-TDSX02_HuyenLongMy.xlsx
D.9.2,Chôm chôm nhãn,0,0,0,0,0,0,0,0,Xã Lương Tâm,Huyện Long Mỹ,2020-10-25,190120211254PM-TDSX02_HuyenLongMy.xlsx
D.9.3,Chôm chôm thường,0,0,0,0,0,0,0,0,Xã Lương Tâm,Huyện Long Mỹ,2020-10-25,190120211254PM-TDSX02_HuyenLongMy.xlsx
D.9.4,Chôm chôm khác,0,0,0,0,0,0,0,0,Xã Lương Tâm,Huyện Long Mỹ,2020-10-25,190120211254PM-TDSX02_HuyenLongMy.xlsx
D.10,Chuối,0,0,0,0,0,0,0,0,Xã Lương Tâm,Huyện Long Mỹ,2020-10-25,190120211254PM-TDSX02_HuyenLongMy.xlsx
D.10.1,Chuối xiêm,0,0,0,0,0,0,0,0,Xã Lương Tâm,Huyện Long Mỹ,2020-10-25,190120211254PM-TDSX02_HuyenLongMy.xlsx
D.10.2,Chuối già,0,0,0,0,0,0,0,0,Xã Lương Tâm,Huyện Long Mỹ,2020-10-25,190120211254PM-TDSX02_HuyenLongMy.xlsx
D.10.3,Chuối khác,0,0,0,0,0,0,0,0,Xã Lương Tâm,Huyện Long Mỹ,2020-10-25,190120211254PM-TDSX02_HuyenLongMy.xlsx
D.11,Khóm,0,2.3,2.3,0,0,0,0,0,Xã Lương Tâm,Huyện Long Mỹ,2020-10-25,190120211254PM-TDSX02_HuyenLongMy.xlsx
D.11.1,Khóm Queen,0,2.3,2.3,0,0,0,0,0,Xã Lương Tâm,Huyện Long Mỹ,2020-10-25,190120211254PM-TDSX02_HuyenLongMy.xlsx
D.11.2,Khóm Cayeen,0,0,0,0,0,0,0,0,Xã Lương Tâm,Huyện Long Mỹ,2020-10-25,190120211254PM-TDSX02_HuyenLongMy.xlsx
D.11.3,Khóm MD2,0,0,0,0,0,0,0,0,Xã Lương Tâm,Huyện Long Mỹ,2020-10-25,190120211254PM-TDSX02_HuyenLongMy.xlsx
D.12,Dâu,0,0,0,0,0,0,0,0,Xã Lương Tâm,Huyện Long Mỹ,2020-10-25,190120211254PM-TDSX02_HuyenLongMy.xlsx
D.13,Mãng cầu xiêm,0,8,0,8,20,12300,0,0,Xã Lương Tâm,Huyện Long Mỹ,2020-10-25,190120211254PM-TDSX02_HuyenLongMy.xlsx
D.14,Thanh long,0,0,0,0,0,0,0,0,Xã Lương Tâm,Huyện Long Mỹ,2020-10-25,190120211254PM-TDSX02_HuyenLongMy.xlsx
D.15,Đu đủ,0,0,0,0,0,0,0,0,Xã Lương Tâm,Huyện Long Mỹ,2020-10-25,190120211254PM-TDSX02_HuyenLongMy.xlsx
D.16,Mít,0,0.42,0.42,0,0,0,0,0,Xã Lương Tâm,Huyện Long Mỹ,2020-10-25,190120211254PM-TDSX02_HuyenLongMy.xlsx
D.17,Mận,0,0.26,0.26,0,0,0,0,0,Xã Lương Tâm,Huyện Long Mỹ,2020-10-25,190120211254PM-TDSX02_HuyenLongMy.xlsx
D.18,Măng cụt,0,0,0,0,0,0,0,0,Xã Lương Tâm,Huyện Long Mỹ,2020-10-25,190120211254PM-TDSX02_HuyenLongMy.xlsx
D.19,Vú sữa,0,0,0,0,0,0,0,0,Xã Lương Tâm,Huyện Long Mỹ,2020-10-25,190120211254PM-TDSX02_HuyenLongMy.xlsx
D.20,Cây ăn trái khác,0,218.02,27.02,191,8,10000,0,0,Xã Lương Tâm,Huyện Long Mỹ,2020-10-25,190120211254PM-TDSX02_HuyenLongMy.xlsx
E,Cây rau màu,Kế hoạch vụ/năm,Diện tích đất trồng (ha),Diện tích xuống giống mới (ha),Diện tích đã thu hoạch (ha),Năng suất (tấn/ha),Diện tích lũy kế (ha),Giá bán,Giá thành,Xã Lương Tâm,Huyện Long Mỹ,2020-10-25,190120211254PM-TDSX02_HuyenLongMy.xlsx
E.1,"Rau ăn lá các loại, bắp cải",0,0,0,71,11,71,15000,0,Xã Lương Tâm,Huyện Long Mỹ,2020-10-25,190120211254PM-TDSX02_HuyenLongMy.xlsx
E.2,Hành lá,0,0,0,0,0,0,0,0,Xã Lương Tâm,Huyện Long Mỹ,2020-10-25,190120211254PM-TDSX02_HuyenLongMy.xlsx
E.3,Hẹ,0,0,0,0.35,11,0.35,15000,0,Xã Lương Tâm,Huyện Long Mỹ,2020-10-25,190120211254PM-TDSX02_HuyenLongMy.xlsx
E.4,Rau gia vị các loại,0,0,0,59,12,59,10000,0,Xã Lương Tâm,Huyện Long Mỹ,2020-10-25,190120211254PM-TDSX02_HuyenLongMy.xlsx
E.5,Gừng,0,0,0,0,0,0,0,0,Xã Lương Tâm,Huyện Long Mỹ,2020-10-25,190120211254PM-TDSX02_HuyenLongMy.xlsx
E.6,Dưa hấu,0,0,0,13,0,13,0,0,Xã Lương Tâm,Huyện Long Mỹ,2020-10-25,190120211254PM-TDSX02_HuyenLongMy.xlsx
E.7,Dưa leo,0,0,0,15,25,15,10000,0,Xã Lương Tâm,Huyện Long Mỹ,2020-10-25,190120211254PM-TDSX02_HuyenLongMy.xlsx
E.8,Dưa lưới,0,0,0,0,0,0,0,0,Xã Lương Tâm,Huyện Long Mỹ,2020-10-25,190120211254PM-TDSX02_HuyenLongMy.xlsx
E.9,Dưa lê,0,0,0,48.66,25,48.66,8000,0,Xã Lương Tâm,Huyện Long Mỹ,2020-10-25,190120211254PM-TDSX02_HuyenLongMy.xlsx
E.10,Khổ qua,0,0,0,0,0,0,0,0,Xã Lương Tâm,Huyện Long Mỹ,2020-10-25,190120211254PM-TDSX02_HuyenLongMy.xlsx
E.11,"Bầu, bí, mướp",0,0,0,9,0,9,0,0,Xã Lương Tâm,Huyện Long Mỹ,2020-10-25,190120211254PM-TDSX02_HuyenLongMy.xlsx
E.12,Ớt,0,0,0,17,15,17,20000,0,Xã Lương Tâm,Huyện Long Mỹ,2020-10-25,190120211254PM-TDSX02_HuyenLongMy.xlsx
E.13,Cà chua,0,0,0,0,0,0,0,0,Xã Lương Tâm,Huyện Long Mỹ,2020-10-25,190120211254PM-TDSX02_HuyenLongMy.xlsx
E.14,Cà phổi,0,0,0,0,0,0,0,0,Xã Lương Tâm,Huyện Long Mỹ,2020-10-25,190120211254PM-TDSX02_HuyenLongMy.xlsx
E.15,"Đậu đũa, cove",0,0,0,32,25,32,12000,0,Xã Lương Tâm,Huyện Long Mỹ,2020-10-25,190120211254PM-TDSX02_HuyenLongMy.xlsx
E.16,Đậu bắp,0,0,0,10,15,10,8000,0,Xã Lương Tâm,Huyện Long Mỹ,2020-10-25,190120211254PM-TDSX02_HuyenLongMy.xlsx
E.17,"Đậu xanh, đậu trắng, đậu đỏ",0,0,0,0,0,0,0,0,Xã Lương Tâm,Huyện Long Mỹ,2020-10-25,190120211254PM-TDSX02_HuyenLongMy.xlsx
E.18,Bắp,0,0,0,7,6,7,40000,0,Xã Lương Tâm,Huyện Long Mỹ,2020-10-25,190120211254PM-TDSX02_HuyenLongMy.xlsx
E.19,Bắp lai,0,0,0,0,0,0,0,0,Xã Lương Tâm,Huyện Long Mỹ,2020-10-25,190120211254PM-TDSX02_HuyenLongMy.xlsx
E.20,Khoai lang,0,0,0,0,0,0,0,0,Xã Lương Tâm,Huyện Long Mỹ,2020-10-25,190120211254PM-TDSX02_HuyenLongMy.xlsx
E.21,"Khoai ngọt, khoai môn",0,0,0,33,0,33,15000,0,Xã Lương Tâm,Huyện Long Mỹ,2020-10-25,190120211254PM-TDSX02_HuyenLongMy.xlsx
E.22,Khoai từ,0,0,0,1.5,0,1.5,0,0,Xã Lương Tâm,Huyện Long Mỹ,2020-10-25,190120211254PM-TDSX02_HuyenLongMy.xlsx
E.23,Khoai mì,0,0,0,14,0,14,0,0,Xã Lương Tâm,Huyện Long Mỹ,2020-10-25,190120211254PM-TDSX02_HuyenLongMy.xlsx
E.24,Sương sáo,0,0,0,0,0,0,0,0,Xã Lương Tâm,Huyện Long Mỹ,2020-10-25,190120211254PM-TDSX02_HuyenLongMy.xlsx
E.25,Trầu,0,0,0,0,0,0,0,0,Xã Lương Tâm,Huyện Long Mỹ,2020-10-25,190120211254PM-TDSX02_HuyenLongMy.xlsx
E.26,Nấm rơm,0,0,0,60,0,60,0,0,Xã Lương Tâm,Huyện Long Mỹ,2020-10-25,190120211254PM-TDSX02_HuyenLongMy.xlsx
E.27,Cây rau khác,0,0,0,0,0,0,0,Dưa lê,Xã Lương Tâm,Huyện Long Mỹ,2020-10-25,190120211254PM-TDSX02_HuyenLongMy.xlsx
A,Cây lúa,Kế hoạch vụ/năm,Diện tích xuống giống (ha),Mật độ gieo sạ,0,0,Diện tích thu hoạch (ha),Năng suất (tấn/ha),Giá bán,Xã Lương Nghĩa,Huyện Long Mỹ,2020-10-25,190120211254PM-TDSX02_HuyenLongMy.xlsx
A.1,Lúa Đông Xuân,0,2065.75,88.6,987.88,989.27,2065.75,7.56,0,Xã Lương Nghĩa,Huyện Long Mỹ,2020-10-25,190120211254PM-TDSX02_HuyenLongMy.xlsx
A.2,Lúa Hè Thu,0,2066,1.55,2064.45,0,2066,6.5,0,Xã Lương Nghĩa,Huyện Long Mỹ,2020-10-25,190120211254PM-TDSX02_HuyenLongMy.xlsx
A.3,Lúa Thu Đông,0,510,0,510,0,0,0,0,Xã Lương Nghĩa,Huyện Long Mỹ,2020-10-25,190120211254PM-TDSX02_HuyenLongMy.xlsx
B,Cây mía,Kế hoạch vụ/năm,Diện tích xuống giống (ha),Diện tích lưu gốc (ha),Diện tích trồng mới (ha),Diện tích thu hoạch (ha),Năng suất (tấn/ha),Giá bán,Giá thành,Xã Lương Nghĩa,Huyện Long Mỹ,2020-10-25,190120211254PM-TDSX02_HuyenLongMy.xlsx
B.1,Mía (ép lấy đường),0,0,0,0,0,0,0,0,Xã Lương Nghĩa,Huyện Long Mỹ,2020-10-25,190120211254PM-TDSX02_HuyenLongMy.xlsx
B.2,Mía (ép lấy nước giải khát),0,0,0,0,0,0,0,0,Xã Lương Nghĩa,Huyện Long Mỹ,2020-10-25,190120211254PM-TDSX02_HuyenLongMy.xlsx
C,Cây công nghiệp,Kế hoạch vụ/năm,Tổng diện tích trồng (ha),Diện tích trồng mới (ha),Diện tích thu hoạch (ha),Năng suất (tấn/ha),Giá bán,Giá thành,Ghi chú,Xã Lương Nghĩa,Huyện Long Mỹ,2020-10-25,190120211254PM-TDSX02_HuyenLongMy.xlsx
C.1,Cây dừa,0,17.85,0.85,17,14.36,45000,0,Giá bán đồng/chục,Xã Lương Nghĩa,Huyện Long Mỹ,2020-10-25,190120211254PM-TDSX02_HuyenLongMy.xlsx
C.2,Cây tiêu,0,0.2,0,0.2,0.95,50000,0,Giá bán đồng/kg,Xã Lương Nghĩa,Huyện Long Mỹ,2020-10-25,190120211254PM-TDSX02_HuyenLongMy.xlsx
C.3,Cây tràm,0,41.61,41.61,0,0,0,0,Giá bán đồng/ha,Xã Lương Nghĩa,Huyện Long Mỹ,2020-10-25,190120211254PM-TDSX02_HuyenLongMy.xlsx
D,Cây ăn trái,Kế hoạch vụ/năm,Tổng diện tích trồng (ha),Diện tích chưa cho trái (ha),Diện tích cho sản phẩm (ha),Năng suất (tấn/ha),Giá bán,Giá thành,Ghi chú,Xã Lương Nghĩa,Huyện Long Mỹ,2020-10-25,190120211254PM-TDSX02_HuyenLongMy.xlsx
D.1,Bưởi,0,23.86,6.9,16.96,10.1,35000,0,0,Xã Lương Nghĩa,Huyện Long Mỹ,2020-10-25,190120211254PM-TDSX02_HuyenLongMy.xlsx
D.1.1,Bưởi da xanh,0,23.86,6.9,16.96,10.1,35000,0,0,Xã Lương Nghĩa,Huyện Long Mỹ,2020-10-25,190120211254PM-TDSX02_HuyenLongMy.xlsx
D.1.2,Bưởi 5 Roi,0,0,0,0,0,0,0,0,Xã Lương Nghĩa,Huyện Long Mỹ,2020-10-25,190120211254PM-TDSX02_HuyenLongMy.xlsx
D.2,Quýt,0,2.4,0,2.4,15.4,20000,0,0,Xã Lương Nghĩa,Huyện Long Mỹ,2020-10-25,190120211254PM-TDSX02_HuyenLongMy.xlsx
D.2.1,Quýt đường,0,2.4,0,2.4,15.4,20000,0,0,Xã Lương Nghĩa,Huyện Long Mỹ,2020-10-25,190120211254PM-TDSX02_HuyenLongMy.xlsx
D.2.2,Quýt khác,0,0,0,0,0,0,0,0,Xã Lương Nghĩa,Huyện Long Mỹ,2020-10-25,190120211254PM-TDSX02_HuyenLongMy.xlsx
D.3,Cam,0,4.55,0,4.55,17.2,15000,0,0,Xã Lương Nghĩa,Huyện Long Mỹ,2020-10-25,190120211254PM-TDSX02_HuyenLongMy.xlsx
D.3.1,Cam sành,0,0,0,0,0,0,0,0,Xã Lương Nghĩa,Huyện Long Mỹ,2020-10-25,190120211254PM-TDSX02_HuyenLongMy.xlsx
D.3.2,Cam xoàn,0,4.55,0,4.55,17.2,15000,0,0,Xã Lương Nghĩa,Huyện Long Mỹ,2020-10-25,190120211254PM-TDSX02_HuyenLongMy.xlsx
D.3.3,Cam khác,0,0,0,0,0,0,0,0,Xã Lương Nghĩa,Huyện Long Mỹ,2020-10-25,190120211254PM-TDSX02_HuyenLongMy.xlsx
D.3.4,Cam mật,0,0,0,0,0,0,0,0,Xã Lương Nghĩa,Huyện Long Mỹ,2020-10-25,190120211254PM-TDSX02_HuyenLongMy.xlsx
D.4,"Chanh, hạnh",0,2.39,0,2.39,10.3,20000,0,0,Xã Lương Nghĩa,Huyện Long Mỹ,2020-10-25,190120211254PM-TDSX02_HuyenLongMy.xlsx
D.4.1,Chanh không hạt,0,2.39,0,2.39,10.3,20000,0,0,Xã Lương Nghĩa,Huyện Long Mỹ,2020-10-25,190120211254PM-TDSX02_HuyenLongMy.xlsx
D.4.2,Chanh khác,0,0,0,0,0,0,0,0,Xã Lương Nghĩa,Huyện Long Mỹ,2020-10-25,190120211254PM-TDSX02_HuyenLongMy.xlsx
D.4.3,Cây hạnh (tắc),0,0,0,0,0,0,0,0,Xã Lương Nghĩa,Huyện Long Mỹ,2020-10-25,190120211254PM-TDSX02_HuyenLongMy.xlsx
D.5,Sầu riêng,0,60,60,0,0,0,0,0,Xã Lương Nghĩa,Huyện Long Mỹ,2020-10-25,190120211254PM-TDSX02_HuyenLongMy.xlsx
D.5.1,Sầu riêng Ri 6,0,0,0,0,0,0,0,0,Xã Lương Nghĩa,Huyện Long Mỹ,2020-10-25,190120211254PM-TDSX02_HuyenLongMy.xlsx
D.5.2,Sầu riêng Monthong,0,0,0,0,0,0,0,0,Xã Lương Nghĩa,Huyện Long Mỹ,2020-10-25,190120211254PM-TDSX02_HuyenLongMy.xlsx
D.5.3,Sầu riêng khổ qua,0,0,0,0,0,0,0,0,Xã Lương Nghĩa,Huyện Long Mỹ,2020-10-25,190120211254PM-TDSX02_HuyenLongMy.xlsx
D.5.4,Sầu riêng khác,0,60,60,0,0,0,0,0,Xã Lương Nghĩa,Huyện Long Mỹ,2020-10-25,190120211254PM-TDSX02_HuyenLongMy.xlsx
D.6,Xoài,0,1.9,0,1.9,7.66,25000,0,0,Xã Lương Nghĩa,Huyện Long Mỹ,2020-10-25,190120211254PM-TDSX02_HuyenLongMy.xlsx
D.6.1,Xoài cát Hòa Lộc,0,1.9,0,1.9,7.66,25000,0,0,Xã Lương Nghĩa,Huyện Long Mỹ,2020-10-25,190120211254PM-TDSX02_HuyenLongMy.xlsx
D.6.2,Xoài Đài Loan,0,0,0,0,0,0,0,0,Xã Lương Nghĩa,Huyện Long Mỹ,2020-10-25,190120211254PM-TDSX02_HuyenLongMy.xlsx
D.6.3,Xoài Cát Chu,0,0,0,0,0,0,0,0,Xã Lương Nghĩa,Huyện Long Mỹ,2020-10-25,190120211254PM-TDSX02_HuyenLongMy.xlsx
D.6.4,Xoài khác,0,0,0,0,0,0,0,0,Xã Lương Nghĩa,Huyện Long Mỹ,2020-10-25,190120211254PM-TDSX02_HuyenLongMy.xlsx
D.7,Ổi,0,0.49,0,0.49,15,10000,0,0,Xã Lương Nghĩa,Huyện Long Mỹ,2020-10-25,190120211254PM-TDSX02_HuyenLongMy.xlsx
D.7.1,Ổi lê,0,0.49,0,0.49,15,10000,0,0,Xã Lương Nghĩa,Huyện Long Mỹ,2020-10-25,190120211254PM-TDSX02_HuyenLongMy.xlsx
D.7.2,Ổi Nữ Hoàng,0,0,0,0,0,0,0,0,Xã Lương Nghĩa,Huyện Long Mỹ,2020-10-25,190120211254PM-TDSX02_HuyenLongMy.xlsx
D.7.3,Ổi khác,0,0,0,0,0,0,0,0,Xã Lương Nghĩa,Huyện Long Mỹ,2020-10-25,190120211254PM-TDSX02_HuyenLongMy.xlsx
D.8,Nhãn,0,0,0,0,0,0,0,0,Xã Lương Nghĩa,Huyện Long Mỹ,2020-10-25,190120211254PM-TDSX02_HuyenLongMy.xlsx
D.8.1,Nhãn IDOR,0,0,0,0,0,0,0,0,Xã Lương Nghĩa,Huyện Long Mỹ,2020-10-25,190120211254PM-TDSX02_HuyenLongMy.xlsx
D.8.2,Nhãn tiêu da bò,0,0,0,0,0,0,0,0,Xã Lương Nghĩa,Huyện Long Mỹ,2020-10-25,190120211254PM-TDSX02_HuyenLongMy.xlsx
D.8.3,Nhãn khác,0,0,0,0,0,0,0,0,Xã Lương Nghĩa,Huyện Long Mỹ,2020-10-25,190120211254PM-TDSX02_HuyenLongMy.xlsx
D.9,Chôm chôm,0,0,0,0,0,0,0,0,Xã Lương Nghĩa,Huyện Long Mỹ,2020-10-25,190120211254PM-TDSX02_HuyenLongMy.xlsx
D.9.1,Chôm chôm Thái,0,0,0,0,0,0,0,0,Xã Lương Nghĩa,Huyện Long Mỹ,2020-10-25,190120211254PM-TDSX02_HuyenLongMy.xlsx
D.9.2,Chôm chôm nhãn,0,0,0,0,0,0,0,0,Xã Lương Nghĩa,Huyện Long Mỹ,2020-10-25,190120211254PM-TDSX02_HuyenLongMy.xlsx
D.9.3,Chôm chôm thường,0,0,0,0,0,0,0,0,Xã Lương Nghĩa,Huyện Long Mỹ,2020-10-25,190120211254PM-TDSX02_HuyenLongMy.xlsx
D.9.4,Chôm chôm khác,0,0,0,0,0,0,0,0,Xã Lương Nghĩa,Huyện Long Mỹ,2020-10-25,190120211254PM-TDSX02_HuyenLongMy.xlsx
D.10,Chuối,0,16,0,16,12.2,8000,0,0,Xã Lương Nghĩa,Huyện Long Mỹ,2020-10-25,190120211254PM-TDSX02_HuyenLongMy.xlsx
D.10.1,Chuối xiêm,0,16,0,16,12.2,8000,0,0,Xã Lương Nghĩa,Huyện Long Mỹ,2020-10-25,190120211254PM-TDSX02_HuyenLongMy.xlsx
D.10.2,Chuối già,0,0,0,0,0,0,0,0,Xã Lương Nghĩa,Huyện Long Mỹ,2020-10-25,190120211254PM-TDSX02_HuyenLongMy.xlsx
D.10.3,Chuối khác,0,0,0,0,0,0,0,0,Xã Lương Nghĩa,Huyện Long Mỹ,2020-10-25,190120211254PM-TDSX02_HuyenLongMy.xlsx
D.11,Khóm,0,1.9,1.25,0.65,15,10000,0,0,Xã Lương Nghĩa,Huyện Long Mỹ,2020-10-25,190120211254PM-TDSX02_HuyenLongMy.xlsx
D.11.1,Khóm Queen,0,1.9,1.25,0.65,15,10000,0,0,Xã Lương Nghĩa,Huyện Long Mỹ,2020-10-25,190120211254PM-TDSX02_HuyenLongMy.xlsx
D.11.2,Khóm Cayeen,0,0,0,0,0,0,0,0,Xã Lương Nghĩa,Huyện Long Mỹ,2020-10-25,190120211254PM-TDSX02_HuyenLongMy.xlsx
D.11.3,Khóm MD2,0,0,0,0,0,0,0,0,Xã Lương Nghĩa,Huyện Long Mỹ,2020-10-25,190120211254PM-TDSX02_HuyenLongMy.xlsx
D.12,Dâu,0,0,0,0,0,0,0,0,Xã Lương Nghĩa,Huyện Long Mỹ,2020-10-25,190120211254PM-TDSX02_HuyenLongMy.xlsx
D.13,Mãng cầu xiêm,0,13.33,9,4.33,20.67,20000,0,0,Xã Lương Nghĩa,Huyện Long Mỹ,2020-10-25,190120211254PM-TDSX02_HuyenLongMy.xlsx
D.14,Thanh long,0,0,0,0,0,0,0,0,Xã Lương Nghĩa,Huyện Long Mỹ,2020-10-25,190120211254PM-TDSX02_HuyenLongMy.xlsx
D.15,Đu đủ,0,10.3,0,10.3,13.4,10000,0,0,Xã Lương Nghĩa,Huyện Long Mỹ,2020-10-25,190120211254PM-TDSX02_HuyenLongMy.xlsx
D.16,Mít,0,12,12,0,0,0,0,0,Xã Lương Nghĩa,Huyện Long Mỹ,2020-10-25,190120211254PM-TDSX02_HuyenLongMy.xlsx
D.17,Mận,0,0,0,0,0,0,0,0,Xã Lương Nghĩa,Huyện Long Mỹ,2020-10-25,190120211254PM-TDSX02_HuyenLongMy.xlsx
D.18,Măng cụt,0,0,0,0,0,0,0,0,Xã Lương Nghĩa,Huyện Long Mỹ,2020-10-25,190120211254PM-TDSX02_HuyenLongMy.xlsx
D.19,Vú sữa,0,0,0,0,0,0,0,0,Xã Lương Nghĩa,Huyện Long Mỹ,2020-10-25,190120211254PM-TDSX02_HuyenLongMy.xlsx
D.20,Cây ăn trái khác,0,123.6,0,123.6,12.52,10000,0,0,Xã Lương Nghĩa,Huyện Long Mỹ,2020-10-25,190120211254PM-TDSX02_HuyenLongMy.xlsx
E,Cây rau màu,Kế hoạch vụ/năm,Diện tích đất trồng (ha),Diện tích xuống giống mới (ha),Diện tích đã thu hoạch (ha),Năng suất (tấn/ha),Diện tích lũy kế (ha),Giá bán,Giá thành,Xã Lương Nghĩa,Huyện Long Mỹ,2020-10-25,190120211254PM-TDSX02_HuyenLongMy.xlsx
E.1,"Rau ăn lá các loại, bắp cải",0,0,0,82.2,8.3,82.2,10000,0,Xã Lương Nghĩa,Huyện Long Mỹ,2020-10-25,190120211254PM-TDSX02_HuyenLongMy.xlsx
E.2,Hành lá,0,0,0,0,0,0,0,0,Xã Lương Nghĩa,Huyện Long Mỹ,2020-10-25,190120211254PM-TDSX02_HuyenLongMy.xlsx
E.3,Hẹ,0,0,0,3.4,7.6,3.4,15000,0,Xã Lương Nghĩa,Huyện Long Mỹ,2020-10-25,190120211254PM-TDSX02_HuyenLongMy.xlsx
E.4,Rau gia vị các loại,0,0,0,70.4,11.6,70.4,25000,0,Xã Lương Nghĩa,Huyện Long Mỹ,2020-10-25,190120211254PM-TDSX02_HuyenLongMy.xlsx
E.5,Gừng,0,0,0,0,0,0,0,0,Xã Lương Nghĩa,Huyện Long Mỹ,2020-10-25,190120211254PM-TDSX02_HuyenLongMy.xlsx
E.6,Dưa hấu,0,0,0,15.35,30,15.35,7000,0,Xã Lương Nghĩa,Huyện Long Mỹ,2020-10-25,190120211254PM-TDSX02_HuyenLongMy.xlsx
E.7,Dưa leo,0,0,0,1.9,20,1.9,0,0,Xã Lương Nghĩa,Huyện Long Mỹ,2020-10-25,190120211254PM-TDSX02_HuyenLongMy.xlsx
E.8,Dưa lưới,0,0,0,0,0,0,0,0,Xã Lương Nghĩa,Huyện Long Mỹ,2020-10-25,190120211254PM-TDSX02_HuyenLongMy.xlsx
E.9,Dưa lê,0,0,0,1.72,25,1.72,10000,0,Xã Lương Nghĩa,Huyện Long Mỹ,2020-10-25,190120211254PM-TDSX02_HuyenLongMy.xlsx
E.10,Khổ qua,0,0,0,0,0,0,0,0,Xã Lương Nghĩa,Huyện Long Mỹ,2020-10-25,190120211254PM-TDSX02_HuyenLongMy.xlsx
E.11,"Bầu, bí, mướp",0,0,0,11.93,35,11.93,5000,0,Xã Lương Nghĩa,Huyện Long Mỹ,2020-10-25,190120211254PM-TDSX02_HuyenLongMy.xlsx
E.12,Ớt,0,0,0,0,0,0,0,0,Xã Lương Nghĩa,Huyện Long Mỹ,2020-10-25,190120211254PM-TDSX02_HuyenLongMy.xlsx
E.13,Cà chua,0,0,0,0,0,0,0,0,Xã Lương Nghĩa,Huyện Long Mỹ,2020-10-25,190120211254PM-TDSX02_HuyenLongMy.xlsx
E.14,Cà phổi,0,0,0,1.4,35,1.4,7000,0,Xã Lương Nghĩa,Huyện Long Mỹ,2020-10-25,190120211254PM-TDSX02_HuyenLongMy.xlsx
E.15,"Đậu đũa, cove",0,0,0,57.4,11.8,57.4,15000,0,Xã Lương Nghĩa,Huyện Long Mỹ,2020-10-25,190120211254PM-TDSX02_HuyenLongMy.xlsx
E.16,Đậu bắp,0,0,0,19.3,10.62,19.3,10000,0,Xã Lương Nghĩa,Huyện Long Mỹ,2020-10-25,190120211254PM-TDSX02_HuyenLongMy.xlsx
E.17,"Đậu xanh, đậu trắng, đậu đỏ",0,0,0,2.7,0,2.7,0,0,Xã Lương Nghĩa,Huyện Long Mỹ,2020-10-25,190120211254PM-TDSX02_HuyenLongMy.xlsx
E.18,Bắp,0,0,0,0.3,0,0.3,0,0,Xã Lương Nghĩa,Huyện Long Mỹ,2020-10-25,190120211254PM-TDSX02_HuyenLongMy.xlsx
E.19,Bắp lai,0,0,0,0,0,0,0,0,Xã Lương Nghĩa,Huyện Long Mỹ,2020-10-25,190120211254PM-TDSX02_HuyenLongMy.xlsx
E.20,Khoai lang,0,0,0,0,0,0,0,0,Xã Lương Nghĩa,Huyện Long Mỹ,2020-10-25,190120211254PM-TDSX02_HuyenLongMy.xlsx
E.21,"Khoai ngọt, khoai môn",0,0,0,0.39,0,0.39,0,0,Xã Lương Nghĩa,Huyện Long Mỹ,2020-10-25,190120211254PM-TDSX02_HuyenLongMy.xlsx
E.22,Khoai từ,0,0,0,0,0,0,0,0,Xã Lương Nghĩa,Huyện Long Mỹ,2020-10-25,190120211254PM-TDSX02_HuyenLongMy.xlsx
E.23,Khoai mì,0,0,0,37.2,10.5,37.2,5000,0,Xã Lương Nghĩa,Huyện Long Mỹ,2020-10-25,190120211254PM-TDSX02_HuyenLongMy.xlsx
E.24,Sương sáo,0,0,0,0,0,0,0,0,Xã Lương Nghĩa,Huyện Long Mỹ,2020-10-25,190120211254PM-TDSX02_HuyenLongMy.xlsx
E.25,Trầu,0,0,0,0,0,0,0,0,Xã Lương Nghĩa,Huyện Long Mỹ,2020-10-25,190120211254PM-TDSX02_HuyenLongMy.xlsx
E.26,Nấm rơm,0,0,0,15,5.25,15,0,0,Xã Lương Nghĩa,Huyện Long Mỹ,2020-10-25,190120211254PM-TDSX02_HuyenLongMy.xlsx
E.27,Cây rau khác,0,0,0,1.2,26,1.2,50000,Cụ thể loại cây,Xã Lương Nghĩa,Huyện Long Mỹ,2020-10-25,190120211254PM-TDSX02_HuyenLongMy.xlsx
A,Cây lúa,Kế hoạch vụ/năm,Diện tích xuống giống (ha),Mật độ gieo sạ,0,0,Diện tích thu hoạch (ha),Năng suất (tấn/ha),Giá bán,Xã Vĩnh Viễn A,Huyện Long Mỹ,2020-10-25,190120211254PM-TDSX02_HuyenLongMy.xlsx
A.1,Lúa Đông Xuân,0,1420,114,1306,0,1420,7.6,0,Xã Vĩnh Viễn A,Huyện Long Mỹ,2020-10-25,190120211254PM-TDSX02_HuyenLongMy.xlsx
A.2,Lúa Hè Thu,0,1420,424,710,286,1420,6.4,5700,Xã Vĩnh Viễn A,Huyện Long Mỹ,2020-10-25,190120211254PM-TDSX02_HuyenLongMy.xlsx
A.3,Lúa Thu Đông,0,1200,181,790,229,0,0,0,Xã Vĩnh Viễn A,Huyện Long Mỹ,2020-10-25,190120211254PM-TDSX02_HuyenLongMy.xlsx
B,Cây mía,Kế hoạch vụ/năm,Diện tích xuống giống (ha),Diện tích lưu gốc (ha),Diện tích trồng mới (ha),Diện tích thu hoạch (ha),Năng suất (tấn/ha),Giá bán,Giá thành,Xã Vĩnh Viễn A,Huyện Long Mỹ,2020-10-25,190120211254PM-TDSX02_HuyenLongMy.xlsx
B.1,Mía (ép lấy đường),0,0,0,0,0,0,0,0,Xã Vĩnh Viễn A,Huyện Long Mỹ,2020-10-25,190120211254PM-TDSX02_HuyenLongMy.xlsx
B.2,Mía (ép lấy nước giải khát),0,0,0,0,0,0,0,0,Xã Vĩnh Viễn A,Huyện Long Mỹ,2020-10-25,190120211254PM-TDSX02_HuyenLongMy.xlsx
C,Cây công nghiệp,Kế hoạch vụ/năm,Tổng diện tích trồng (ha),Diện tích trồng mới (ha),Diện tích thu hoạch (ha),Năng suất (tấn/ha),Giá bán,Giá thành,Ghi chú,Xã Vĩnh Viễn A,Huyện Long Mỹ,2020-10-25,190120211254PM-TDSX02_HuyenLongMy.xlsx
C.1,Cây dừa,0,22.88,1.38,21.5,9,50000,0,Giá bán đồng/chục,Xã Vĩnh Viễn A,Huyện Long Mỹ,2020-10-25,190120211254PM-TDSX02_HuyenLongMy.xlsx
C.2,Cây tiêu,0,0.6,0,0.6,5,80000,0,Giá bán đồng/kg,Xã Vĩnh Viễn A,Huyện Long Mỹ,2020-10-25,190120211254PM-TDSX02_HuyenLongMy.xlsx
C.3,Cây tràm,0,151.56,34.71,116.85,0,0,0,Giá bán đồng/ha,Xã Vĩnh Viễn A,Huyện Long Mỹ,2020-10-25,190120211254PM-TDSX02_HuyenLongMy.xlsx
D,Cây ăn trái,Kế hoạch vụ/năm,Tổng diện tích trồng (ha),Diện tích chưa cho trái (ha),Diện tích cho sản phẩm (ha),Năng suất (tấn/ha),Giá bán,Giá thành,Ghi chú,Xã Vĩnh Viễn A,Huyện Long Mỹ,2020-10-25,190120211254PM-TDSX02_HuyenLongMy.xlsx
D.1,Bưởi,0,17.52,1.97,15.55,16,35000,0,0,Xã Vĩnh Viễn A,Huyện Long Mỹ,2020-10-25,190120211254PM-TDSX02_HuyenLongMy.xlsx
D.1.1,Bưởi da xanh,0,17.52,1.97,15.55,16,35000,0,0,Xã Vĩnh Viễn A,Huyện Long Mỹ,2020-10-25,190120211254PM-TDSX02_HuyenLongMy.xlsx
D.1.2,Bưởi 5 Roi,0,0,0,0,0,0,0,0,Xã Vĩnh Viễn A,Huyện Long Mỹ,2020-10-25,190120211254PM-TDSX02_HuyenLongMy.xlsx
D.2,Quýt,0,16.72,0,16.72,13,35000,0,0,Xã Vĩnh Viễn A,Huyện Long Mỹ,2020-10-25,190120211254PM-TDSX02_HuyenLongMy.xlsx
D.2.1,Quýt đường,0,16.72,0,16.72,13,35000,0,0,Xã Vĩnh Viễn A,Huyện Long Mỹ,2020-10-25,190120211254PM-TDSX02_HuyenLongMy.xlsx
D.2.2,Quýt khác,0,0,0,0,0,0,0,0,Xã Vĩnh Viễn A,Huyện Long Mỹ,2020-10-25,190120211254PM-TDSX02_HuyenLongMy.xlsx
D.3,Cam,0,28.04,0,28.04,16,15000,0,0,Xã Vĩnh Viễn A,Huyện Long Mỹ,2020-10-25,190120211254PM-TDSX02_HuyenLongMy.xlsx
D.3.1,Cam sành,0,21.61,0,21.61,16,15000,0,0,Xã Vĩnh Viễn A,Huyện Long Mỹ,2020-10-25,190120211254PM-TDSX02_HuyenLongMy.xlsx
D.3.2,Cam xoàn,0,3.8,0,3.8,16,20000,0,0,Xã Vĩnh Viễn A,Huyện Long Mỹ,2020-10-25,190120211254PM-TDSX02_HuyenLongMy.xlsx
D.3.3,Cam khác,0,2.63,0,2.63,16,10000,0,0,Xã Vĩnh Viễn A,Huyện Long Mỹ,2020-10-25,190120211254PM-TDSX02_HuyenLongMy.xlsx
D.3.4,Cam mật,0,0,0,0,0,0,0,0,Xã Vĩnh Viễn A,Huyện Long Mỹ,2020-10-25,190120211254PM-TDSX02_HuyenLongMy.xlsx
D.4,"Chanh, hạnh",0,23.53,4.6,18.93,18,10000,0,0,Xã Vĩnh Viễn A,Huyện Long Mỹ,2020-10-25,190120211254PM-TDSX02_HuyenLongMy.xlsx
D.4.1,Chanh không hạt,0,23.53,4.6,18.93,18,10000,0,0,Xã Vĩnh Viễn A,Huyện Long Mỹ,2020-10-25,190120211254PM-TDSX02_HuyenLongMy.xlsx
D.4.2,Chanh khác,0,0,0,0,0,0,0,0,Xã Vĩnh Viễn A,Huyện Long Mỹ,2020-10-25,190120211254PM-TDSX02_HuyenLongMy.xlsx
D.4.3,Cây hạnh (tắc),0,0,0,0,0,0,0,0,Xã Vĩnh Viễn A,Huyện Long Mỹ,2020-10-25,190120211254PM-TDSX02_HuyenLongMy.xlsx
D.5,Sầu riêng,0,0,0,0,0,0,0,0,Xã Vĩnh Viễn A,Huyện Long Mỹ,2020-10-25,190120211254PM-TDSX02_HuyenLongMy.xlsx
D.5.1,Sầu riêng Ri 6,0,0,0,0,0,0,0,0,Xã Vĩnh Viễn A,Huyện Long Mỹ,2020-10-25,190120211254PM-TDSX02_HuyenLongMy.xlsx
D.5.2,Sầu riêng Monthong,0,0,0,0,0,0,0,0,Xã Vĩnh Viễn A,Huyện Long Mỹ,2020-10-25,190120211254PM-TDSX02_HuyenLongMy.xlsx
D.5.3,Sầu riêng khổ qua,0,0,0,0,0,0,0,0,Xã Vĩnh Viễn A,Huyện Long Mỹ,2020-10-25,190120211254PM-TDSX02_HuyenLongMy.xlsx
D.5.4,Sầu riêng khác,0,0,0,0,0,0,0,0,Xã Vĩnh Viễn A,Huyện Long Mỹ,2020-10-25,190120211254PM-TDSX02_HuyenLongMy.xlsx
D.6,Xoài,0,3.2,0,3.2,17,15000,0,0,Xã Vĩnh Viễn A,Huyện Long Mỹ,2020-10-25,190120211254PM-TDSX02_HuyenLongMy.xlsx
D.6.1,Xoài cát Hòa Lộc,0,1.1,0,1.1,17,15000,0,0,Xã Vĩnh Viễn A,Huyện Long Mỹ,2020-10-25,190120211254PM-TDSX02_HuyenLongMy.xlsx
D.6.2,Xoài Đài Loan,0,0,0,0,0,0,0,0,Xã Vĩnh Viễn A,Huyện Long Mỹ,2020-10-25,190120211254PM-TDSX02_HuyenLongMy.xlsx
D.6.3,Xoài Cát Chu,0,2.1,0,2.1,17,15000,0,0,Xã Vĩnh Viễn A,Huyện Long Mỹ,2020-10-25,190120211254PM-TDSX02_HuyenLongMy.xlsx
D.6.4,Xoài khác,0,0,0,0,0,0,0,0,Xã Vĩnh Viễn A,Huyện Long Mỹ,2020-10-25,190120211254PM-TDSX02_HuyenLongMy.xlsx
D.7,Ổi,0,0,0,0,0,0,0,0,Xã Vĩnh Viễn A,Huyện Long Mỹ,2020-10-25,190120211254PM-TDSX02_HuyenLongMy.xlsx
D.7.1,Ổi lê,0,0,0,0,0,0,0,0,Xã Vĩnh Viễn A,Huyện Long Mỹ,2020-10-25,190120211254PM-TDSX02_HuyenLongMy.xlsx
D.7.2,Ổi Nữ Hoàng,0,0,0,0,0,0,0,0,Xã Vĩnh Viễn A,Huyện Long Mỹ,2020-10-25,190120211254PM-TDSX02_HuyenLongMy.xlsx
D.7.3,Ổi khác,0,0,0,0,0,0,0,0,Xã Vĩnh Viễn A,Huyện Long Mỹ,2020-10-25,190120211254PM-TDSX02_HuyenLongMy.xlsx
D.8,Nhãn,0,0,0,0,0,0,0,0,Xã Vĩnh Viễn A,Huyện Long Mỹ,2020-10-25,190120211254PM-TDSX02_HuyenLongMy.xlsx
D.8.1,Nhãn IDOR,0,0,0,0,0,0,0,0,Xã Vĩnh Viễn A,Huyện Long Mỹ,2020-10-25,190120211254PM-TDSX02_HuyenLongMy.xlsx
D.8.2,Nhãn tiêu da bò,0,0,0,0,0,0,0,0,Xã Vĩnh Viễn A,Huyện Long Mỹ,2020-10-25,190120211254PM-TDSX02_HuyenLongMy.xlsx
D.8.3,Nhãn khác,0,0,0,0,0,0,0,0,Xã Vĩnh Viễn A,Huyện Long Mỹ,2020-10-25,190120211254PM-TDSX02_HuyenLongMy.xlsx
D.9,Chôm chôm,0,0,0,0,0,0,0,0,Xã Vĩnh Viễn A,Huyện Long Mỹ,2020-10-25,190120211254PM-TDSX02_HuyenLongMy.xlsx
D.9.1,Chôm chôm Thái,0,0,0,0,0,0,0,0,Xã Vĩnh Viễn A,Huyện Long Mỹ,2020-10-25,190120211254PM-TDSX02_HuyenLongMy.xlsx
D.9.2,Chôm chôm nhãn,0,0,0,0,0,0,0,0,Xã Vĩnh Viễn A,Huyện Long Mỹ,2020-10-25,190120211254PM-TDSX02_HuyenLongMy.xlsx
D.9.3,Chôm chôm thường,0,0,0,0,0,0,0,0,Xã Vĩnh Viễn A,Huyện Long Mỹ,2020-10-25,190120211254PM-TDSX02_HuyenLongMy.xlsx
D.9.4,Chôm chôm khác,0,0,0,0,0,0,0,0,Xã Vĩnh Viễn A,Huyện Long Mỹ,2020-10-25,190120211254PM-TDSX02_HuyenLongMy.xlsx
D.10,Chuối,0,22.45,0,22.45,15,10000,0,0,Xã Vĩnh Viễn A,Huyện Long Mỹ,2020-10-25,190120211254PM-TDSX02_HuyenLongMy.xlsx
D.10.1,Chuối xiêm,0,22.45,0,22.45,15,10000,0,0,Xã Vĩnh Viễn A,Huyện Long Mỹ,2020-10-25,190120211254PM-TDSX02_HuyenLongMy.xlsx
D.10.2,Chuối già,0,0,0,0,0,0,0,0,Xã Vĩnh Viễn A,Huyện Long Mỹ,2020-10-25,190120211254PM-TDSX02_HuyenLongMy.xlsx
D.10.3,Chuối khác,0,0,0,0,0,0,0,0,Xã Vĩnh Viễn A,Huyện Long Mỹ,2020-10-25,190120211254PM-TDSX02_HuyenLongMy.xlsx
D.11,Khóm,0,370,3,367,15,10000,0,0,Xã Vĩnh Viễn A,Huyện Long Mỹ,2020-10-25,190120211254PM-TDSX02_HuyenLongMy.xlsx
D.11.1,Khóm Queen,0,370,3,367,15,10000,0,0,Xã Vĩnh Viễn A,Huyện Long Mỹ,2020-10-25,190120211254PM-TDSX02_HuyenLongMy.xlsx
D.11.2,Khóm Cayeen,0,0,0,0,0,0,0,0,Xã Vĩnh Viễn A,Huyện Long Mỹ,2020-10-25,190120211254PM-TDSX02_HuyenLongMy.xlsx
D.11.3,Khóm MD2,0,0,0,0,0,0,0,0,Xã Vĩnh Viễn A,Huyện Long Mỹ,2020-10-25,190120211254PM-TDSX02_HuyenLongMy.xlsx
D.12,Dâu,0,0,0,0,0,0,0,0,Xã Vĩnh Viễn A,Huyện Long Mỹ,2020-10-25,190120211254PM-TDSX02_HuyenLongMy.xlsx
D.13,Mãng cầu xiêm,0,8.35,0,8.35,18,16000,0,0,Xã Vĩnh Viễn A,Huyện Long Mỹ,2020-10-25,190120211254PM-TDSX02_HuyenLongMy.xlsx
D.14,Thanh long,0,0,0,0,0,0,0,0,Xã Vĩnh Viễn A,Huyện Long Mỹ,2020-10-25,190120211254PM-TDSX02_HuyenLongMy.xlsx
D.15,Đu đủ,0,0,0,0,0,0,0,0,Xã Vĩnh Viễn A,Huyện Long Mỹ,2020-10-25,190120211254PM-TDSX02_HuyenLongMy.xlsx
D.16,Mít,0,3.93,3.93,0,0,0,0,0,Xã Vĩnh Viễn A,Huyện Long Mỹ,2020-10-25,190120211254PM-TDSX02_HuyenLongMy.xlsx
D.17,Mận,0,0,0,0,0,0,0,0,Xã Vĩnh Viễn A,Huyện Long Mỹ,2020-10-25,190120211254PM-TDSX02_HuyenLongMy.xlsx
D.18,Măng cụt,0,0,0,0,0,0,0,0,Xã Vĩnh Viễn A,Huyện Long Mỹ,2020-10-25,190120211254PM-TDSX02_HuyenLongMy.xlsx
D.19,Vú sữa,0,0,0,0,0,0,0,0,Xã Vĩnh Viễn A,Huyện Long Mỹ,2020-10-25,190120211254PM-TDSX02_HuyenLongMy.xlsx
D.20,Cây ăn trái khác,0,178.7,15,163.7,11,10000,0,0,Xã Vĩnh Viễn A,Huyện Long Mỹ,2020-10-25,190120211254PM-TDSX02_HuyenLongMy.xlsx
E,Cây rau màu,Kế hoạch vụ/năm,Diện tích đất trồng (ha),Diện tích xuống giống mới (ha),Diện tích đã thu hoạch (ha),Năng suất (tấn/ha),Diện tích lũy kế (ha),Giá bán,Giá thành,Xã Vĩnh Viễn A,Huyện Long Mỹ,2020-10-25,190120211254PM-TDSX02_HuyenLongMy.xlsx
E.1,"Rau ăn lá các loại, bắp cải",0,0,5.1,68.95,12,74.05,15000,0,Xã Vĩnh Viễn A,Huyện Long Mỹ,2020-10-25,190120211254PM-TDSX02_HuyenLongMy.xlsx
E.2,Hành lá,0,0,0,0,0,0,0,0,Xã Vĩnh Viễn A,Huyện Long Mỹ,2020-10-25,190120211254PM-TDSX02_HuyenLongMy.xlsx
E.3,Hẹ,0,0,0,1.4,8.5,1.4,15000,0,Xã Vĩnh Viễn A,Huyện Long Mỹ,2020-10-25,190120211254PM-TDSX02_HuyenLongMy.xlsx
E.4,Rau gia vị các loại,0,0,0,60.77,13,60.77,10000,0,Xã Vĩnh Viễn A,Huyện Long Mỹ,2020-10-25,190120211254PM-TDSX02_HuyenLongMy.xlsx
E.5,Gừng,0,0,0,0,0,0,0,0,Xã Vĩnh Viễn A,Huyện Long Mỹ,2020-10-25,190120211254PM-TDSX02_HuyenLongMy.xlsx
E.6,Dưa hấu,0,0,10,35.55,0,45.55,7000,0,Xã Vĩnh Viễn A,Huyện Long Mỹ,2020-10-25,190120211254PM-TDSX02_HuyenLongMy.xlsx
E.7,Dưa leo,0,0,0,0,0,0,0,0,Xã Vĩnh Viễn A,Huyện Long Mỹ,2020-10-25,190120211254PM-TDSX02_HuyenLongMy.xlsx
E.8,Dưa lưới,0,0,0,0,0,0,0,0,Xã Vĩnh Viễn A,Huyện Long Mỹ,2020-10-25,190120211254PM-TDSX02_HuyenLongMy.xlsx
E.9,Dưa lê,0,0,0,0,0,0,0,0,Xã Vĩnh Viễn A,Huyện Long Mỹ,2020-10-25,190120211254PM-TDSX02_HuyenLongMy.xlsx
E.10,Khổ qua,0,0,0,2,28,2,8000,0,Xã Vĩnh Viễn A,Huyện Long Mỹ,2020-10-25,190120211254PM-TDSX02_HuyenLongMy.xlsx
E.11,"Bầu, bí, mướp",0,0,0,0,0,0,0,0,Xã Vĩnh Viễn A,Huyện Long Mỹ,2020-10-25,190120211254PM-TDSX02_HuyenLongMy.xlsx
E.12,Ớt,0,0,0,0,0,0,0,0,Xã Vĩnh Viễn A,Huyện Long Mỹ,2020-10-25,190120211254PM-TDSX02_HuyenLongMy.xlsx
E.13,Cà chua,0,0,0,0,0,0,0,0,Xã Vĩnh Viễn A,Huyện Long Mỹ,2020-10-25,190120211254PM-TDSX02_HuyenLongMy.xlsx
E.14,Cà phổi,0,0,0,7.2,25,7.2,10000,0,Xã Vĩnh Viễn A,Huyện Long Mỹ,2020-10-25,190120211254PM-TDSX02_HuyenLongMy.xlsx
E.15,"Đậu đũa, cove",0,0,0,14.5,8,14.5,8000,0,Xã Vĩnh Viễn A,Huyện Long Mỹ,2020-10-25,190120211254PM-TDSX02_HuyenLongMy.xlsx
E.16,Đậu bắp,0,0,0,0,0,0,0,0,Xã Vĩnh Viễn A,Huyện Long Mỹ,2020-10-25,190120211254PM-TDSX02_HuyenLongMy.xlsx
E.17,"Đậu xanh, đậu trắng, đậu đỏ",0,0,0,14.6,8,14.6,20000,0,Xã Vĩnh Viễn A,Huyện Long Mỹ,2020-10-25,190120211254PM-TDSX02_HuyenLongMy.xlsx
E.18,Bắp,0,0,0,3.85,8,3.85,35000,0,Xã Vĩnh Viễn A,Huyện Long Mỹ,2020-10-25,190120211254PM-TDSX02_HuyenLongMy.xlsx
E.19,Bắp lai,0,0,0,0,0,0,0,0,Xã Vĩnh Viễn A,Huyện Long Mỹ,2020-10-25,190120211254PM-TDSX02_HuyenLongMy.xlsx
E.20,Khoai lang,0,0,0,0,0,0,0,0,Xã Vĩnh Viễn A,Huyện Long Mỹ,2020-10-25,190120211254PM-TDSX02_HuyenLongMy.xlsx
E.21,"Khoai ngọt, khoai môn",0,0,0,11.8,30,11.8,15000,0,Xã Vĩnh Viễn A,Huyện Long Mỹ,2020-10-25,190120211254PM-TDSX02_HuyenLongMy.xlsx
E.22,Khoai từ,0,0,0,0,0,0,0,0,Xã Vĩnh Viễn A,Huyện Long Mỹ,2020-10-25,190120211254PM-TDSX02_HuyenLongMy.xlsx
E.23,Khoai mì,0,0,0,0,0,0,0,0,Xã Vĩnh Viễn A,Huyện Long Mỹ,2020-10-25,190120211254PM-TDSX02_HuyenLongMy.xlsx
E.24,Sương sáo,0,0,0,0,0,0,0,0,Xã Vĩnh Viễn A,Huyện Long Mỹ,2020-10-25,190120211254PM-TDSX02_HuyenLongMy.xlsx
E.25,Trầu,0,0,0,0,0,0,0,0,Xã Vĩnh Viễn A,Huyện Long Mỹ,2020-10-25,190120211254PM-TDSX02_HuyenLongMy.xlsx
E.26,Nấm rơm,0,0,0,50.5,3,50.5,40000,0,Xã Vĩnh Viễn A,Huyện Long Mỹ,2020-10-25,190120211254PM-TDSX02_HuyenLongMy.xlsx
E.27,Cây rau khác,0,0,0,15.78,25,15.78,4000,Cụ thể loại cây,Xã Vĩnh Viễn A,Huyện Long Mỹ,2020-10-25,190120211254PM-TDSX02_HuyenLongMy.xlsx
A,Cây lúa,Kế hoạch vụ/năm,Diện tích xuống giống (ha),Mật độ gieo sạ,0,0,Diện tích thu hoạch (ha),Năng suất (tấn/ha),Giá bán,Xã Thuận Hưng,Huyện Long Mỹ,2020-10-25,190120211254PM-TDSX02_HuyenLongMy.xlsx
A.1,Lúa Đông Xuân,0,1748,471,1148,129,1748,8.18,0,Xã Thuận Hưng,Huyện Long Mỹ,2020-10-25,190120211254PM-TDSX02_HuyenLongMy.xlsx
A.2,Lúa Hè Thu,0,1748,250,1498,0,1748,6.64,0,Xã Thuận Hưng,Huyện Long Mỹ,2020-10-25,190120211254PM-TDSX02_HuyenLongMy.xlsx
A.3,Lúa Thu Đông,0,235,0,235,0,33,5.3,0,Xã Thuận Hưng,Huyện Long Mỹ,2020-10-25,190120211254PM-TDSX02_HuyenLongMy.xlsx
B,Cây mía,Kế hoạch vụ/năm,Diện tích xuống giống (ha),Diện tích lưu gốc (ha),Diện tích trồng mới (ha),Diện tích thu hoạch (ha),Năng suất (tấn/ha),Giá bán,Giá thành,Xã Thuận Hưng,Huyện Long Mỹ,2020-10-25,190120211254PM-TDSX02_HuyenLongMy.xlsx
B.1,Mía (ép lấy đường),0,0,0,0,0,0,0,0,Xã Thuận Hưng,Huyện Long Mỹ,2020-10-25,190120211254PM-TDSX02_HuyenLongMy.xlsx
B.2,Mía (ép lấy nước giải khát),0,0,0,0,0,0,0,0,Xã Thuận Hưng,Huyện Long Mỹ,2020-10-25,190120211254PM-TDSX02_HuyenLongMy.xlsx
C,Cây công nghiệp,Kế hoạch vụ/năm,Tổng diện tích trồng (ha),Diện tích trồng mới (ha),Diện tích thu hoạch (ha),Năng suất (tấn/ha),Giá bán,Giá thành,Ghi chú,Xã Thuận Hưng,Huyện Long Mỹ,2020-10-25,190120211254PM-TDSX02_HuyenLongMy.xlsx
C.1,Cây dừa,0,22.93,7.1,15.83,9.9,45000,0,Giá bán đồng/chục,Xã Thuận Hưng,Huyện Long Mỹ,2020-10-25,190120211254PM-TDSX02_HuyenLongMy.xlsx
C.2,Cây tiêu,0,0,0,0,0,0,0,Giá bán đồng/kg,Xã Thuận Hưng,Huyện Long Mỹ,2020-10-25,190120211254PM-TDSX02_HuyenLongMy.xlsx
C.3,Cây tràm,0,3.51,3.51,0,0,0,0,Giá bán đồng/ha,Xã Thuận Hưng,Huyện Long Mỹ,2020-10-25,190120211254PM-TDSX02_HuyenLongMy.xlsx
D,Cây ăn trái,Kế hoạch vụ/năm,Tổng diện tích trồng (ha),Diện tích chưa cho trái (ha),Diện tích cho sản phẩm (ha),Năng suất (tấn/ha),Giá bán,Giá thành,Ghi chú,Xã Thuận Hưng,Huyện Long Mỹ,2020-10-25,190120211254PM-TDSX02_HuyenLongMy.xlsx
D.1,Bưởi,0,85.8,0,85.8,16.1,34000,0,0,Xã Thuận Hưng,Huyện Long Mỹ,2020-10-25,190120211254PM-TDSX02_HuyenLongMy.xlsx
D.1.1,Bưởi da xanh,0,85.8,0,85.8,16.1,34000,0,0,Xã Thuận Hưng,Huyện Long Mỹ,2020-10-25,190120211254PM-TDSX02_HuyenLongMy.xlsx
D.1.2,Bưởi 5 Roi,0,0,0,0,0,0,0,0,Xã Thuận Hưng,Huyện Long Mỹ,2020-10-25,190120211254PM-TDSX02_HuyenLongMy.xlsx
D.2,Quýt,0,58.5,0,58.5,20.9,24200,0,0,Xã Thuận Hưng,Huyện Long Mỹ,2020-10-25,190120211254PM-TDSX02_HuyenLongMy.xlsx
D.2.1,Quýt đường,0,58.5,0,58.5,20.9,24200,0,0,Xã Thuận Hưng,Huyện Long Mỹ,2020-10-25,190120211254PM-TDSX02_HuyenLongMy.xlsx
D.2.2,Quýt khác,0,0,0,0,0,0,0,0,Xã Thuận Hưng,Huyện Long Mỹ,2020-10-25,190120211254PM-TDSX02_HuyenLongMy.xlsx
D.3,Cam,0,64.87,0,64.87,13.820147988284258,23150,0,0,Xã Thuận Hưng,Huyện Long Mỹ,2020-10-25,190120211254PM-TDSX02_HuyenLongMy.xlsx
D.3.1,Cam sành,0,45.41,0,45.41,16.7,23300,0,0,Xã Thuận Hưng,Huyện Long Mỹ,2020-10-25,190120211254PM-TDSX02_HuyenLongMy.xlsx
D.3.2,Cam xoàn,0,19.46,0,19.46,7.1,23000,0,0,Xã Thuận Hưng,Huyện Long Mỹ,2020-10-25,190120211254PM-TDSX02_HuyenLongMy.xlsx
D.3.3,Cam khác,0,0,0,0,0,0,0,0,Xã Thuận Hưng,Huyện Long Mỹ,2020-10-25,190120211254PM-TDSX02_HuyenLongMy.xlsx
D.3.4,Cam mật,0,0,0,0,0,0,0,0,Xã Thuận Hưng,Huyện Long Mỹ,2020-10-25,190120211254PM-TDSX02_HuyenLongMy.xlsx
D.4,"Chanh, hạnh",0,10.43,0,10.43,10.400767018216683,12500,0,0,Xã Thuận Hưng,Huyện Long Mỹ,2020-10-25,190120211254PM-TDSX02_HuyenLongMy.xlsx
D.4.1,Chanh không hạt,0,4.17,0,4.17,8,9000,0,0,Xã Thuận Hưng,Huyện Long Mỹ,2020-10-25,190120211254PM-TDSX02_HuyenLongMy.xlsx
D.4.2,Chanh khác,0,0,0,0,0,0,0,0,Xã Thuận Hưng,Huyện Long Mỹ,2020-10-25,190120211254PM-TDSX02_HuyenLongMy.xlsx
D.4.3,Cây hạnh (tắc),0,6.26,0,6.26,12,16000,0,0,Xã Thuận Hưng,Huyện Long Mỹ,2020-10-25,190120211254PM-TDSX02_HuyenLongMy.xlsx
D.5,Sầu riêng,0,0,0,0,0,0,0,0,Xã Thuận Hưng,Huyện Long Mỹ,2020-10-25,190120211254PM-TDSX02_HuyenLongMy.xlsx
D.5.1,Sầu riêng Ri 6,0,0,0,0,0,0,0,0,Xã Thuận Hưng,Huyện Long Mỹ,2020-10-25,190120211254PM-TDSX02_HuyenLongMy.xlsx
D.5.2,Sầu riêng Monthong,0,0,0,0,0,0,0,0,Xã Thuận Hưng,Huyện Long Mỹ,2020-10-25,190120211254PM-TDSX02_HuyenLongMy.xlsx
D.5.3,Sầu riêng khổ qua,0,0,0,0,0,0,0,0,Xã Thuận Hưng,Huyện Long Mỹ,2020-10-25,190120211254PM-TDSX02_HuyenLongMy.xlsx
D.5.4,Sầu riêng khác,0,0,0,0,0,0,0,0,Xã Thuận Hưng,Huyện Long Mỹ,2020-10-25,190120211254PM-TDSX02_HuyenLongMy.xlsx
D.6,Xoài,0,1.5,0,1.5,20,14400,0,0,Xã Thuận Hưng,Huyện Long Mỹ,2020-10-25,190120211254PM-TDSX02_HuyenLongMy.xlsx
D.6.1,Xoài cát Hòa Lộc,0,1.5,0,1.5,20,14400,0,0,Xã Thuận Hưng,Huyện Long Mỹ,2020-10-25,190120211254PM-TDSX02_HuyenLongMy.xlsx
D.6.2,Xoài Đài Loan,0,0,0,0,0,0,0,0,Xã Thuận Hưng,Huyện Long Mỹ,2020-10-25,190120211254PM-TDSX02_HuyenLongMy.xlsx
D.6.3,Xoài Cát Chu,0,0,0,0,0,0,0,0,Xã Thuận Hưng,Huyện Long Mỹ,2020-10-25,190120211254PM-TDSX02_HuyenLongMy.xlsx
D.6.4,Xoài khác,0,0,0,0,0,0,0,0,Xã Thuận Hưng,Huyện Long Mỹ,2020-10-25,190120211254PM-TDSX02_HuyenLongMy.xlsx
D.7,Ổi,0,13.5,0,13.5,7.9144000000000005,9400,0,0,Xã Thuận Hưng,Huyện Long Mỹ,2020-10-25,190120211254PM-TDSX02_HuyenLongMy.xlsx
D.7.1,Ổi lê,0,5.4,0,5.4,6.088,9800,0,0,Xã Thuận Hưng,Huyện Long Mỹ,2020-10-25,190120211254PM-TDSX02_HuyenLongMy.xlsx
D.7.2,Ổi Nữ Hoàng,0,0,0,0,0,0,0,0,Xã Thuận Hưng,Huyện Long Mỹ,2020-10-25,190120211254PM-TDSX02_HuyenLongMy.xlsx
D.7.3,Ổi khác,0,8.1,0,8.1,9.132,9000,0,0,Xã Thuận Hưng,Huyện Long Mỹ,2020-10-25,190120211254PM-TDSX02_HuyenLongMy.xlsx
D.8,Nhãn,0,0.5,0.5,0,0,0,0,0,Xã Thuận Hưng,Huyện Long Mỹ,2020-10-25,190120211254PM-TDSX02_HuyenLongMy.xlsx
D.8.1,Nhãn IDOR,0,0.5,0.5,0,0,0,0,0,Xã Thuận Hưng,Huyện Long Mỹ,2020-10-25,190120211254PM-TDSX02_HuyenLongMy.xlsx
D.8.2,Nhãn tiêu da bò,0,0,0,0,0,0,0,0,Xã Thuận Hưng,Huyện Long Mỹ,2020-10-25,190120211254PM-TDSX02_HuyenLongMy.xlsx
D.8.3,Nhãn khác,0,0,0,0,0,0,0,0,Xã Thuận Hưng,Huyện Long Mỹ,2020-10-25,190120211254PM-TDSX02_HuyenLongMy.xlsx
D.9,Chôm chôm,0,0,0,0,0,0,0,0,Xã Thuận Hưng,Huyện Long Mỹ,2020-10-25,190120211254PM-TDSX02_HuyenLongMy.xlsx
D.9.1,Chôm chôm Thái,0,0,0,0,0,0,0,0,Xã Thuận Hưng,Huyện Long Mỹ,2020-10-25,190120211254PM-TDSX02_HuyenLongMy.xlsx
D.9.2,Chôm chôm nhãn,0,0,0,0,0,0,0,0,Xã Thuận Hưng,Huyện Long Mỹ,2020-10-25,190120211254PM-TDSX02_HuyenLongMy.xlsx
D.9.3,Chôm chôm thường,0,0,0,0,0,0,0,0,Xã Thuận Hưng,Huyện Long Mỹ,2020-10-25,190120211254PM-TDSX02_HuyenLongMy.xlsx
D.9.4,Chôm chôm khác,0,0,0,0,0,0,0,0,Xã Thuận Hưng,Huyện Long Mỹ,2020-10-25,190120211254PM-TDSX02_HuyenLongMy.xlsx
D.10,Chuối,0,75.9,10.5,65.4,9.706749999999998,8033.333333333333,0,0,Xã Thuận Hưng,Huyện Long Mỹ,2020-10-25,190120211254PM-TDSX02_HuyenLongMy.xlsx
D.10.1,Chuối xiêm,0,30.36,4.2,26.16,9.779999999999998,7600,0,0,Xã Thuận Hưng,Huyện Long Mỹ,2020-10-25,190120211254PM-TDSX02_HuyenLongMy.xlsx
D.10.2,Chuối già,0,26.565,3.6750000000000003,22.89,9.86,9400,0,0,Xã Thuận Hưng,Huyện Long Mỹ,2020-10-25,190120211254PM-TDSX02_HuyenLongMy.xlsx
D.10.3,Chuối khác,0,18.975,2.625,16.35,9.375,7100,0,0,Xã Thuận Hưng,Huyện Long Mỹ,2020-10-25,190120211254PM-TDSX02_HuyenLongMy.xlsx
D.11,Khóm,0,0,0,0,0,0,0,0,Xã Thuận Hưng,Huyện Long Mỹ,2020-10-25,190120211254PM-TDSX02_HuyenLongMy.xlsx
D.11.1,Khóm Queen,0,0,0,0,0,0,0,0,Xã Thuận Hưng,Huyện Long Mỹ,2020-10-25,190120211254PM-TDSX02_HuyenLongMy.xlsx
D.11.2,Khóm Cayeen,0,0,0,0,0,0,0,0,Xã Thuận Hưng,Huyện Long Mỹ,2020-10-25,190120211254PM-TDSX02_HuyenLongMy.xlsx
D.11.3,Khóm MD2,0,0,0,0,0,0,0,0,Xã Thuận Hưng,Huyện Long Mỹ,2020-10-25,190120211254PM-TDSX02_HuyenLongMy.xlsx
D.12,Dâu,0,0,0,0,0,0,0,0,Xã Thuận Hưng,Huyện Long Mỹ,2020-10-25,190120211254PM-TDSX02_HuyenLongMy.xlsx
D.13,Mãng cầu xiêm,0,2.27,1.09,1.18,19.8,10000,0,0,Xã Thuận Hưng,Huyện Long Mỹ,2020-10-25,190120211254PM-TDSX02_HuyenLongMy.xlsx
D.14,Thanh long,0,0,0,0,0,0,0,0,Xã Thuận Hưng,Huyện Long Mỹ,2020-10-25,190120211254PM-TDSX02_HuyenLongMy.xlsx
D.15,Đu đủ,0,2.44,1.22,1.22,10.4,7900,0,0,Xã Thuận Hưng,Huyện Long Mỹ,2020-10-25,190120211254PM-TDSX02_HuyenLongMy.xlsx
D.16,Mít,0,1.45,1.45,0,0,0,0,0,Xã Thuận Hưng,Huyện Long Mỹ,2020-10-25,190120211254PM-TDSX02_HuyenLongMy.xlsx
D.17,Mận,0,0,0,0,0,0,0,0,Xã Thuận Hưng,Huyện Long Mỹ,2020-10-25,190120211254PM-TDSX02_HuyenLongMy.xlsx
D.18,Măng cụt,0,0,0,0,0,0,0,0,Xã Thuận Hưng,Huyện Long Mỹ,2020-10-25,190120211254PM-TDSX02_HuyenLongMy.xlsx
D.19,Vú sữa,0,0,0,0,0,0,0,0,Xã Thuận Hưng,Huyện Long Mỹ,2020-10-25,190120211254PM-TDSX02_HuyenLongMy.xlsx
D.20,Cây ăn trái khác,0,200.55,17.9,182.65,9.256,13000,0,0,Xã Thuận Hưng,Huyện Long Mỹ,2020-10-25,190120211254PM-TDSX02_HuyenLongMy.xlsx
E,Cây rau màu,Kế hoạch vụ/năm,Diện tích đất trồng (ha),Diện tích xuống giống mới (ha),Diện tích đã thu hoạch (ha),Năng suất (tấn/ha),Diện tích lũy kế (ha),Giá bán,Giá thành,Xã Thuận Hưng,Huyện Long Mỹ,2020-10-25,190120211254PM-TDSX02_HuyenLongMy.xlsx
E.1,"Rau ăn lá các loại, bắp cải",0,0,0,109.7,11,109.7,10000,0,Xã Thuận Hưng,Huyện Long Mỹ,2020-10-25,190120211254PM-TDSX02_HuyenLongMy.xlsx
E.2,Hành lá,0,0,0,0.8200000000000001,11,0.8200000000000001,20600,0,Xã Thuận Hưng,Huyện Long Mỹ,2020-10-25,190120211254PM-TDSX02_HuyenLongMy.xlsx
E.3,Hẹ,0,0,0,38.73,10.8,38.73,19000,0,Xã Thuận Hưng,Huyện Long Mỹ,2020-10-25,190120211254PM-TDSX02_HuyenLongMy.xlsx
E.4,Rau gia vị các loại,0,0,0,61.29,13.6,61.29,13200,0,Xã Thuận Hưng,Huyện Long Mỹ,2020-10-25,190120211254PM-TDSX02_HuyenLongMy.xlsx
E.5,Gừng,0,0,0,0.9300000000000002,8.2,0.9300000000000002,23400,0,Xã Thuận Hưng,Huyện Long Mỹ,2020-10-25,190120211254PM-TDSX02_HuyenLongMy.xlsx
E.6,Dưa hấu,0,0,5.15,5.05,26,10.2,5000,0,Xã Thuận Hưng,Huyện Long Mỹ,2020-10-25,190120211254PM-TDSX02_HuyenLongMy.xlsx
E.7,Dưa leo,0,0,0,9.87,16,9.87,14800,0,Xã Thuận Hưng,Huyện Long Mỹ,2020-10-25,190120211254PM-TDSX02_HuyenLongMy.xlsx
E.8,Dưa lưới,0,0,0,0,0,0,0,0,Xã Thuận Hưng,Huyện Long Mỹ,2020-10-25,190120211254PM-TDSX02_HuyenLongMy.xlsx
E.9,Dưa lê,0,0,0,0,0,0,0,0,Xã Thuận Hưng,Huyện Long Mỹ,2020-10-25,190120211254PM-TDSX02_HuyenLongMy.xlsx
E.10,Khổ qua,0,0,0,22.16,12,22.16,20000,0,Xã Thuận Hưng,Huyện Long Mỹ,2020-10-25,190120211254PM-TDSX02_HuyenLongMy.xlsx
E.11,"Bầu, bí, mướp",0,0,0,22.59,15,22.59,9600,0,Xã Thuận Hưng,Huyện Long Mỹ,2020-10-25,190120211254PM-TDSX02_HuyenLongMy.xlsx
E.12,Ớt,0,0,0,3.22,5,3.22,35000,0,Xã Thuận Hưng,Huyện Long Mỹ,2020-10-25,190120211254PM-TDSX02_HuyenLongMy.xlsx
E.13,Cà chua,0,0,0,11.01,8,11.01,14600,0,Xã Thuận Hưng,Huyện Long Mỹ,2020-10-25,190120211254PM-TDSX02_HuyenLongMy.xlsx
E.14,Cà phổi,0,0,0,20.75,7,20.75,10200,0,Xã Thuận Hưng,Huyện Long Mỹ,2020-10-25,190120211254PM-TDSX02_HuyenLongMy.xlsx
E.15,"Đậu đũa, cove",0,0,0,38.07,5.5,38.07,12200,0,Xã Thuận Hưng,Huyện Long Mỹ,2020-10-25,190120211254PM-TDSX02_HuyenLongMy.xlsx
E.16,Đậu bắp,0,0,0,2.6,0,2.6,0,0,Xã Thuận Hưng,Huyện Long Mỹ,2020-10-25,190120211254PM-TDSX02_HuyenLongMy.xlsx
E.17,"Đậu xanh, đậu trắng, đậu đỏ",0,0,0,62.06,4.5,62.06,22000,0,Xã Thuận Hưng,Huyện Long Mỹ,2020-10-25,190120211254PM-TDSX02_HuyenLongMy.xlsx
E.18,Bắp,0,0,0,3.85,8,3.85,10800,0,Xã Thuận Hưng,Huyện Long Mỹ,2020-10-25,190120211254PM-TDSX02_HuyenLongMy.xlsx
E.19,Bắp lai,0,0,0,0,0,0,0,0,Xã Thuận Hưng,Huyện Long Mỹ,2020-10-25,190120211254PM-TDSX02_HuyenLongMy.xlsx
E.20,Khoai lang,0,0,0,0,0,0,0,0,Xã Thuận Hưng,Huyện Long Mỹ,2020-10-25,190120211254PM-TDSX02_HuyenLongMy.xlsx
E.21,"Khoai ngọt, khoai môn",0,0,0,32.64,7.5,32.64,10400,0,Xã Thuận Hưng,Huyện Long Mỹ,2020-10-25,190120211254PM-TDSX02_HuyenLongMy.xlsx
E.22,Khoai từ,0,0,0,18.49,9,18.49,21600,0,Xã Thuận Hưng,Huyện Long Mỹ,2020-10-25,190120211254PM-TDSX02_HuyenLongMy.xlsx
E.23,Khoai mì,0,0,0,59.53,7.5,59.53,10400,0,Xã Thuận Hưng,Huyện Long Mỹ,2020-10-25,190120211254PM-TDSX02_HuyenLongMy.xlsx
E.24,Sương sáo,0,0,0,0,0,0,0,0,Xã Thuận Hưng,Huyện Long Mỹ,2020-10-25,190120211254PM-TDSX02_HuyenLongMy.xlsx
E.25,Trầu,0,0,0.3,0.3,12,0.6,16000,0,Xã Thuận Hưng,Huyện Long Mỹ,2020-10-25,190120211254PM-TDSX02_HuyenLongMy.xlsx
E.26,Nấm rơm,0,0,0,135,3,135,34800,0,Xã Thuận Hưng,Huyện Long Mỹ,2020-10-25,190120211254PM-TDSX02_HuyenLongMy.xlsx
E.27,Cây rau khác,0,0,0,0,0,0,0,Cụ thể loại cây,Xã Thuận Hưng,Huyện Long Mỹ,2020-10-25,190120211254PM-TDSX02_HuyenLongMy.xlsx
A,Cây lúa,Kế hoạch vụ/năm,Diện tích xuống giống (ha),Mật độ gieo sạ,0,0,Diện tích thu hoạch (ha),Năng suất (tấn/ha),Giá bán,Xã Thuận Hòa,Huyện Long Mỹ,2020-10-25,190120211254PM-TDSX02_HuyenLongMy.xlsx
A.1,Lúa Đông Xuân,0,2186.44,6,1855.44,325,2186.44,8.2,5600,Xã Thuận Hòa,Huyện Long Mỹ,2020-10-25,190120211254PM-TDSX02_HuyenLongMy.xlsx
A.2,Lúa Hè Thu,0,2186.44,50,2047,89.44,2186.44,6.6,0,Xã Thuận Hòa,Huyện Long Mỹ,2020-10-25,190120211254PM-TDSX02_HuyenLongMy.xlsx
A.3,Lúa Thu Đông,0,0,0,0,0,0,0,0,Xã Thuận Hòa,Huyện Long Mỹ,2020-10-25,190120211254PM-TDSX02_HuyenLongMy.xlsx
B,Cây mía,Kế hoạch vụ/năm,Diện tích xuống giống (ha),Diện tích lưu gốc (ha),Diện tích trồng mới (ha),Diện tích thu hoạch (ha),Năng suất (tấn/ha),Giá bán,Giá thành,Xã Thuận Hòa,Huyện Long Mỹ,2020-10-25,190120211254PM-TDSX02_HuyenLongMy.xlsx
B.1,Mía (ép lấy đường),0,0,0,0,0,0,0,0,Xã Thuận Hòa,Huyện Long Mỹ,2020-10-25,190120211254PM-TDSX02_HuyenLongMy.xlsx
B.2,Mía (ép lấy nước giải khát),0,0,0,0,0,0,0,0,Xã Thuận Hòa,Huyện Long Mỹ,2020-10-25,190120211254PM-TDSX02_HuyenLongMy.xlsx
C,Cây công nghiệp,Kế hoạch vụ/năm,Tổng diện tích trồng (ha),Diện tích trồng mới (ha),Diện tích thu hoạch (ha),Năng suất (tấn/ha),Giá bán,Giá thành,Ghi chú,Xã Thuận Hòa,Huyện Long Mỹ,2020-10-25,190120211254PM-TDSX02_HuyenLongMy.xlsx
C.1,Cây dừa,0,30.6,7.6,23,16.8,50000,0,Giá bán đồng/chục,Xã Thuận Hòa,Huyện Long Mỹ,2020-10-25,190120211254PM-TDSX02_HuyenLongMy.xlsx
C.2,Cây tiêu,0,0,0,0,0,0,0,Giá bán đồng/kg,Xã Thuận Hòa,Huyện Long Mỹ,2020-10-25,190120211254PM-TDSX02_HuyenLongMy.xlsx
C.3,Cây tràm,0,0,0,0,0,0,0,Giá bán đồng/ha,Xã Thuận Hòa,Huyện Long Mỹ,2020-10-25,190120211254PM-TDSX02_HuyenLongMy.xlsx
D,Cây ăn trái,Kế hoạch vụ/năm,Tổng diện tích trồng (ha),Diện tích chưa cho trái (ha),Diện tích cho sản phẩm (ha),Năng suất (tấn/ha),Giá bán,Giá thành,Ghi chú,Xã Thuận Hòa,Huyện Long Mỹ,2020-10-25,190120211254PM-TDSX02_HuyenLongMy.xlsx
D.1,Bưởi,0,56.37,4.55,51.82,17.1,40000,0,0,Xã Thuận Hòa,Huyện Long Mỹ,2020-10-25,190120211254PM-TDSX02_HuyenLongMy.xlsx
D.1.1,Bưởi da xanh,0,56.37,4.55,51.82,17.1,40000,0,0,Xã Thuận Hòa,Huyện Long Mỹ,2020-10-25,190120211254PM-TDSX02_HuyenLongMy.xlsx
D.1.2,Bưởi 5 Roi,0,0,0,0,0,0,0,0,Xã Thuận Hòa,Huyện Long Mỹ,2020-10-25,190120211254PM-TDSX02_HuyenLongMy.xlsx
D.2,Quýt,0,28.3,0,28.3,15,20000,0,0,Xã Thuận Hòa,Huyện Long Mỹ,2020-10-25,190120211254PM-TDSX02_HuyenLongMy.xlsx
D.2.1,Quýt đường,0,28.3,0,28.3,15,20000,0,0,Xã Thuận Hòa,Huyện Long Mỹ,2020-10-25,190120211254PM-TDSX02_HuyenLongMy.xlsx
D.2.2,Quýt khác,0,0,0,0,0,0,0,0,Xã Thuận Hòa,Huyện Long Mỹ,2020-10-25,190120211254PM-TDSX02_HuyenLongMy.xlsx
D.3,Cam,0,42,0,42,15.599999999999998,25000,0,0,Xã Thuận Hòa,Huyện Long Mỹ,2020-10-25,190120211254PM-TDSX02_HuyenLongMy.xlsx
D.3.1,Cam sành,0,0,0,0,0,0,0,0,Xã Thuận Hòa,Huyện Long Mỹ,2020-10-25,190120211254PM-TDSX02_HuyenLongMy.xlsx
D.3.2,Cam xoàn,0,42,0,42,15.6,25000,0,0,Xã Thuận Hòa,Huyện Long Mỹ,2020-10-25,190120211254PM-TDSX02_HuyenLongMy.xlsx
D.3.3,Cam khác,0,0,0,0,0,0,0,0,Xã Thuận Hòa,Huyện Long Mỹ,2020-10-25,190120211254PM-TDSX02_HuyenLongMy.xlsx
D.3.4,Cam mật,0,0,0,0,0,0,0,0,Xã Thuận Hòa,Huyện Long Mỹ,2020-10-25,190120211254PM-TDSX02_HuyenLongMy.xlsx
D.4,"Chanh, hạnh",0,12.7,0,12.7,16,10000,0,0,Xã Thuận Hòa,Huyện Long Mỹ,2020-10-25,190120211254PM-TDSX02_HuyenLongMy.xlsx
D.4.1,Chanh không hạt,0,12.7,0,12.7,16,10000,0,0,Xã Thuận Hòa,Huyện Long Mỹ,2020-10-25,190120211254PM-TDSX02_HuyenLongMy.xlsx
D.4.2,Chanh khác,0,0,0,0,0,0,0,0,Xã Thuận Hòa,Huyện Long Mỹ,2020-10-25,190120211254PM-TDSX02_HuyenLongMy.xlsx
D.4.3,Cây hạnh (tắc),0,0,0,0,0,0,0,0,Xã Thuận Hòa,Huyện Long Mỹ,2020-10-25,190120211254PM-TDSX02_HuyenLongMy.xlsx
D.5,Sầu riêng,0,0.4,0.4,0,0,0,0,0,Xã Thuận Hòa,Huyện Long Mỹ,2020-10-25,190120211254PM-TDSX02_HuyenLongMy.xlsx
D.5.1,Sầu riêng Ri 6,0,0,0,0,0,0,0,0,Xã Thuận Hòa,Huyện Long Mỹ,2020-10-25,190120211254PM-TDSX02_HuyenLongMy.xlsx
D.5.2,Sầu riêng Monthong,0,0,0,0,0,0,0,0,Xã Thuận Hòa,Huyện Long Mỹ,2020-10-25,190120211254PM-TDSX02_HuyenLongMy.xlsx
D.5.3,Sầu riêng khổ qua,0,0.4,0.4,0,0,0,0,0,Xã Thuận Hòa,Huyện Long Mỹ,2020-10-25,190120211254PM-TDSX02_HuyenLongMy.xlsx
D.5.4,Sầu riêng khác,0,0,0,0,0,0,0,0,Xã Thuận Hòa,Huyện Long Mỹ,2020-10-25,190120211254PM-TDSX02_HuyenLongMy.xlsx
D.6,Xoài,0,3,0,3,18,5000,0,0,Xã Thuận Hòa,Huyện Long Mỹ,2020-10-25,190120211254PM-TDSX02_HuyenLongMy.xlsx
D.6.1,Xoài cát Hòa Lộc,0,0,0,0,0,0,0,0,Xã Thuận Hòa,Huyện Long Mỹ,2020-10-25,190120211254PM-TDSX02_HuyenLongMy.xlsx
D.6.2,Xoài Đài Loan,0,3,0,3,18,5000,0,0,Xã Thuận Hòa,Huyện Long Mỹ,2020-10-25,190120211254PM-TDSX02_HuyenLongMy.xlsx
D.6.3,Xoài Cát Chu,0,0,0,0,0,0,0,0,Xã Thuận Hòa,Huyện Long Mỹ,2020-10-25,190120211254PM-TDSX02_HuyenLongMy.xlsx
D.6.4,Xoài khác,0,0,0,0,0,0,0,0,Xã Thuận Hòa,Huyện Long Mỹ,2020-10-25,190120211254PM-TDSX02_HuyenLongMy.xlsx
D.7,Ổi,0,3.6099999999999994,1.01,2.5999999999999996,22,7000,0,0,Xã Thuận Hòa,Huyện Long Mỹ,2020-10-25,190120211254PM-TDSX02_HuyenLongMy.xlsx
D.7.1,Ổi lê,0,3.6099999999999994,1.01,2.5999999999999996,22,7000,0,0,Xã Thuận Hòa,Huyện Long Mỹ,2020-10-25,190120211254PM-TDSX02_HuyenLongMy.xlsx
D.7.2,Ổi Nữ Hoàng,0,0,0,0,0,0,0,0,Xã Thuận Hòa,Huyện Long Mỹ,2020-10-25,190120211254PM-TDSX02_HuyenLongMy.xlsx
D.7.3,Ổi khác,0,0,0,0,0,0,0,0,Xã Thuận Hòa,Huyện Long Mỹ,2020-10-25,190120211254PM-TDSX02_HuyenLongMy.xlsx
D.8,Nhãn,0,0,0,0,0,0,0,0,Xã Thuận Hòa,Huyện Long Mỹ,2020-10-25,190120211254PM-TDSX02_HuyenLongMy.xlsx
D.8.1,Nhãn IDOR,0,0,0,0,0,0,0,0,Xã Thuận Hòa,Huyện Long Mỹ,2020-10-25,190120211254PM-TDSX02_HuyenLongMy.xlsx
D.8.2,Nhãn tiêu da bò,0,0,0,0,0,0,0,0,Xã Thuận Hòa,Huyện Long Mỹ,2020-10-25,190120211254PM-TDSX02_HuyenLongMy.xlsx
D.8.3,Nhãn khác,0,0,0,0,0,0,0,0,Xã Thuận Hòa,Huyện Long Mỹ,2020-10-25,190120211254PM-TDSX02_HuyenLongMy.xlsx
D.9,Chôm chôm,0,0,0,0,0,0,0,0,Xã Thuận Hòa,Huyện Long Mỹ,2020-10-25,190120211254PM-TDSX02_HuyenLongMy.xlsx
D.9.1,Chôm chôm Thái,0,0,0,0,0,0,0,0,Xã Thuận Hòa,Huyện Long Mỹ,2020-10-25,190120211254PM-TDSX02_HuyenLongMy.xlsx
D.9.2,Chôm chôm nhãn,0,0,0,0,0,0,0,0,Xã Thuận Hòa,Huyện Long Mỹ,2020-10-25,190120211254PM-TDSX02_HuyenLongMy.xlsx
D.9.3,Chôm chôm thường,0,0,0,0,0,0,0,0,Xã Thuận Hòa,Huyện Long Mỹ,2020-10-25,190120211254PM-TDSX02_HuyenLongMy.xlsx
D.9.4,Chôm chôm khác,0,0,0,0,0,0,0,0,Xã Thuận Hòa,Huyện Long Mỹ,2020-10-25,190120211254PM-TDSX02_HuyenLongMy.xlsx
D.10,Chuối,0,75.46000000000001,3.2199999999999998,72.24000000000001,13.599999999999998,5000,0,0,Xã Thuận Hòa,Huyện Long Mỹ,2020-10-25,190120211254PM-TDSX02_HuyenLongMy.xlsx
D.10.1,Chuối xiêm,0,51.24,0,51.24,13.6,5000,0,0,Xã Thuận Hòa,Huyện Long Mỹ,2020-10-25,190120211254PM-TDSX02_HuyenLongMy.xlsx
D.10.2,Chuối già,0,24.22,3.2199999999999998,21,13.6,5000,0,0,Xã Thuận Hòa,Huyện Long Mỹ,2020-10-25,190120211254PM-TDSX02_HuyenLongMy.xlsx
D.10.3,Chuối khác,0,0,0,0,0,0,0,0,Xã Thuận Hòa,Huyện Long Mỹ,2020-10-25,190120211254PM-TDSX02_HuyenLongMy.xlsx
D.11,Khóm,0,0,0,0,0,0,0,0,Xã Thuận Hòa,Huyện Long Mỹ,2020-10-25,190120211254PM-TDSX02_HuyenLongMy.xlsx
D.11.1,Khóm Queen,0,0,0,0,0,0,0,0,Xã Thuận Hòa,Huyện Long Mỹ,2020-10-25,190120211254PM-TDSX02_HuyenLongMy.xlsx
D.11.2,Khóm Cayeen,0,0,0,0,0,0,0,0,Xã Thuận Hòa,Huyện Long Mỹ,2020-10-25,190120211254PM-TDSX02_HuyenLongMy.xlsx
D.11.3,Khóm MD2,0,0,0,0,0,0,0,0,Xã Thuận Hòa,Huyện Long Mỹ,2020-10-25,190120211254PM-TDSX02_HuyenLongMy.xlsx
D.12,Dâu,0,0,0,0,0,0,0,0,Xã Thuận Hòa,Huyện Long Mỹ,2020-10-25,190120211254PM-TDSX02_HuyenLongMy.xlsx
D.13,Mãng cầu xiêm,0,86.59,13.04,73.55,22.3,14400,0,0,Xã Thuận Hòa,Huyện Long Mỹ,2020-10-25,190120211254PM-TDSX02_HuyenLongMy.xlsx
D.14,Thanh long,0,0,0,0,0,0,0,0,Xã Thuận Hòa,Huyện Long Mỹ,2020-10-25,190120211254PM-TDSX02_HuyenLongMy.xlsx
D.15,Đu đủ,0,0,0,0,0,0,0,0,Xã Thuận Hòa,Huyện Long Mỹ,2020-10-25,190120211254PM-TDSX02_HuyenLongMy.xlsx
D.16,Mít,0,1.49,0.49,1,22.5,15000,0,0,Xã Thuận Hòa,Huyện Long Mỹ,2020-10-25,190120211254PM-TDSX02_HuyenLongMy.xlsx
D.17,Mận,0,0,0,0,0,0,0,0,Xã Thuận Hòa,Huyện Long Mỹ,2020-10-25,190120211254PM-TDSX02_HuyenLongMy.xlsx
D.18,Măng cụt,0,0,0,0,0,0,0,0,Xã Thuận Hòa,Huyện Long Mỹ,2020-10-25,190120211254PM-TDSX02_HuyenLongMy.xlsx
D.19,Vú sữa,0,0,0,0,0,0,0,0,Xã Thuận Hòa,Huyện Long Mỹ,2020-10-25,190120211254PM-TDSX02_HuyenLongMy.xlsx
D.20,Cây ăn trái khác,0,192.54000000000002,78.2,114.34,9.4,0,0,0,Xã Thuận Hòa,Huyện Long Mỹ,2020-10-25,190120211254PM-TDSX02_HuyenLongMy.xlsx
E,Cây rau màu,Kế hoạch vụ/năm,Diện tích đất trồng (ha),Diện tích xuống giống mới (ha),Diện tích đã thu hoạch (ha),Năng suất (tấn/ha),Diện tích lũy kế (ha),Giá bán,Giá thành,Xã Thuận Hòa,Huyện Long Mỹ,2020-10-25,190120211254PM-TDSX02_HuyenLongMy.xlsx
E.1,"Rau ăn lá các loại, bắp cải",0,0,0,117,10.6,117,10000,0,Xã Thuận Hòa,Huyện Long Mỹ,2020-10-25,190120211254PM-TDSX02_HuyenLongMy.xlsx
E.2,Hành lá,0,0,0,0,0,0,0,0,Xã Thuận Hòa,Huyện Long Mỹ,2020-10-25,190120211254PM-TDSX02_HuyenLongMy.xlsx
E.3,Hẹ,0,0,0,0,0,0,0,0,Xã Thuận Hòa,Huyện Long Mỹ,2020-10-25,190120211254PM-TDSX02_HuyenLongMy.xlsx
E.4,Rau gia vị các loại,0,0,5,90.7,11.2,95.7,11000,0,Xã Thuận Hòa,Huyện Long Mỹ,2020-10-25,190120211254PM-TDSX02_HuyenLongMy.xlsx
E.5,Gừng,0,0,0,0,0,0,0,0,Xã Thuận Hòa,Huyện Long Mỹ,2020-10-25,190120211254PM-TDSX02_HuyenLongMy.xlsx
E.6,Dưa hấu,0,0,0,0,0,0,0,0,Xã Thuận Hòa,Huyện Long Mỹ,2020-10-25,190120211254PM-TDSX02_HuyenLongMy.xlsx
E.7,Dưa leo,0,0,0,12,8.5,12,8000,0,Xã Thuận Hòa,Huyện Long Mỹ,2020-10-25,190120211254PM-TDSX02_HuyenLongMy.xlsx
E.8,Dưa lưới,0,0,0,0,0,0,0,0,Xã Thuận Hòa,Huyện Long Mỹ,2020-10-25,190120211254PM-TDSX02_HuyenLongMy.xlsx
E.9,Dưa lê,0,0,0,0,0,0,0,0,Xã Thuận Hòa,Huyện Long Mỹ,2020-10-25,190120211254PM-TDSX02_HuyenLongMy.xlsx
E.10,Khổ qua,0,0,1.3,36,12.4,37.3,12000,0,Xã Thuận Hòa,Huyện Long Mỹ,2020-10-25,190120211254PM-TDSX02_HuyenLongMy.xlsx
E.11,"Bầu, bí, mướp",0,0,0,0,0,0,0,0,Xã Thuận Hòa,Huyện Long Mỹ,2020-10-25,190120211254PM-TDSX02_HuyenLongMy.xlsx
E.12,Ớt,0,0,0,0,0,0,0,0,Xã Thuận Hòa,Huyện Long Mỹ,2020-10-25,190120211254PM-TDSX02_HuyenLongMy.xlsx
E.13,Cà chua,0,0,0,0,0,0,0,0,Xã Thuận Hòa,Huyện Long Mỹ,2020-10-25,190120211254PM-TDSX02_HuyenLongMy.xlsx
E.14,Cà phổi,0,0,0,0,0,0,0,0,Xã Thuận Hòa,Huyện Long Mỹ,2020-10-25,190120211254PM-TDSX02_HuyenLongMy.xlsx
E.15,"Đậu đũa, cove",0,0,0,58.8,11.6,58.8,10000,0,Xã Thuận Hòa,Huyện Long Mỹ,2020-10-25,190120211254PM-TDSX02_HuyenLongMy.xlsx
E.16,Đậu bắp,0,0,0,0,0,0,0,0,Xã Thuận Hòa,Huyện Long Mỹ,2020-10-25,190120211254PM-TDSX02_HuyenLongMy.xlsx
E.17,"Đậu xanh, đậu trắng, đậu đỏ",0,0,0,10,11,10,10000,0,Xã Thuận Hòa,Huyện Long Mỹ,2020-10-25,190120211254PM-TDSX02_HuyenLongMy.xlsx
E.18,Bắp,0,0,0,0,0,0,0,0,Xã Thuận Hòa,Huyện Long Mỹ,2020-10-25,190120211254PM-TDSX02_HuyenLongMy.xlsx
E.19,Bắp lai,0,0,0,0,0,0,0,0,Xã Thuận Hòa,Huyện Long Mỹ,2020-10-25,190120211254PM-TDSX02_HuyenLongMy.xlsx
E.20,Khoai lang,0,0,0,0,0,0,0,0,Xã Thuận Hòa,Huyện Long Mỹ,2020-10-25,190120211254PM-TDSX02_HuyenLongMy.xlsx
E.21,"Khoai ngọt, khoai môn",0,0,0,0,0,0,0,0,Xã Thuận Hòa,Huyện Long Mỹ,2020-10-25,190120211254PM-TDSX02_HuyenLongMy.xlsx
E.22,Khoai từ,0,0,0,0,0,0,0,0,Xã Thuận Hòa,Huyện Long Mỹ,2020-10-25,190120211254PM-TDSX02_HuyenLongMy.xlsx
E.23,Khoai mì,0,0,0,0,0,0,0,0,Xã Thuận Hòa,Huyện Long Mỹ,2020-10-25,190120211254PM-TDSX02_HuyenLongMy.xlsx
E.24,Sương sáo,0,0,0,0,0,0,0,0,Xã Thuận Hòa,Huyện Long Mỹ,2020-10-25,190120211254PM-TDSX02_HuyenLongMy.xlsx
E.25,Trầu,0,0,0,0,0,0,0,0,Xã Thuận Hòa,Huyện Long Mỹ,2020-10-25,190120211254PM-TDSX02_HuyenLongMy.xlsx
E.26,Nấm rơm,0,0,0,269,5.5,269,50000,0,Xã Thuận Hòa,Huyện Long Mỹ,2020-10-25,190120211254PM-TDSX02_HuyenLongMy.xlsx
E.27,Cây rau khác,0,0,0,0,0,0,0,Cụ thể loại cây,Xã Thuận Hòa,Huyện Long Mỹ,2020-10-25,190120211254PM-TDSX02_HuyenLongMy.xlsx
A,Cây lúa,Kế hoạch vụ/năm,Diện tích xuống giống (ha),Mật độ gieo sạ,0,0,Diện tích thu hoạch (ha),Năng suất (tấn/ha),Giá bán,Thị trấn Vĩnh Viễn,Huyện Long Mỹ,2020-10-25,190120211254PM-TDSX02_HuyenLongMy.xlsx
A.1,Lúa Đông Xuân,0,2763.3,393.9,1510,859.4,1934.8,7.96,5357,Thị trấn Vĩnh Viễn,Huyện Long Mỹ,2020-10-25,190120211254PM-TDSX02_HuyenLongMy.xlsx
A.2,Lúa Hè Thu,0,2763.3,0,1070.9,1692.4,2763.3,6.55,0,Thị trấn Vĩnh Viễn,Huyện Long Mỹ,2020-10-25,190120211254PM-TDSX02_HuyenLongMy.xlsx
A.3,Lúa Thu Đông,0,2221,18,767,1436,0,0,0,Thị trấn Vĩnh Viễn,Huyện Long Mỹ,2020-10-25,190120211254PM-TDSX02_HuyenLongMy.xlsx
B,Cây mía,Kế hoạch vụ/năm,Diện tích xuống giống (ha),Diện tích lưu gốc (ha),Diện tích trồng mới (ha),Diện tích thu hoạch (ha),Năng suất (tấn/ha),Giá bán,Giá thành,Thị trấn Vĩnh Viễn,Huyện Long Mỹ,2020-10-25,190120211254PM-TDSX02_HuyenLongMy.xlsx
B.1,Mía (ép lấy đường),0,0,0,0,0,0,0,0,Thị trấn Vĩnh Viễn,Huyện Long Mỹ,2020-10-25,190120211254PM-TDSX02_HuyenLongMy.xlsx
B.2,Mía (ép lấy nước giải khát),0,0,0,0,0,0,0,0,Thị trấn Vĩnh Viễn,Huyện Long Mỹ,2020-10-25,190120211254PM-TDSX02_HuyenLongMy.xlsx
C,Cây công nghiệp,Kế hoạch vụ/năm,Tổng diện tích trồng (ha),Diện tích trồng mới (ha),Diện tích thu hoạch (ha),Năng suất (tấn/ha),Giá bán,Giá thành,Ghi chú,Thị trấn Vĩnh Viễn,Huyện Long Mỹ,2020-10-25,190120211254PM-TDSX02_HuyenLongMy.xlsx
C.1,Cây dừa,0,50,0,50,25.43,55000,0,Giá bán đồng/chục,Thị trấn Vĩnh Viễn,Huyện Long Mỹ,2020-10-25,190120211254PM-TDSX02_HuyenLongMy.xlsx
C.2,Cây tiêu,0,1.3,0,1.3,12,90000,0,Giá bán đồng/kg,Thị trấn Vĩnh Viễn,Huyện Long Mỹ,2020-10-25,190120211254PM-TDSX02_HuyenLongMy.xlsx
C.3,Cây tràm,0,33.59,33.59,0,0,0,0,Giá bán đồng/ha,Thị trấn Vĩnh Viễn,Huyện Long Mỹ,2020-10-25,190120211254PM-TDSX02_HuyenLongMy.xlsx
D,Cây ăn trái,Kế hoạch vụ/năm,Tổng diện tích trồng (ha),Diện tích chưa cho trái (ha),Diện tích cho sản phẩm (ha),Năng suất (tấn/ha),Giá bán,Giá thành,Ghi chú,Thị trấn Vĩnh Viễn,Huyện Long Mỹ,2020-10-25,190120211254PM-TDSX02_HuyenLongMy.xlsx
D.1,Bưởi,0,52.95,0,52.95,16.9,35000,0,0,Thị trấn Vĩnh Viễn,Huyện Long Mỹ,2020-10-25,190120211254PM-TDSX02_HuyenLongMy.xlsx
D.1.1,Bưởi da xanh,0,52.95,0,52.95,16.9,35000,0,0,Thị trấn Vĩnh Viễn,Huyện Long Mỹ,2020-10-25,190120211254PM-TDSX02_HuyenLongMy.xlsx
D.1.2,Bưởi 5 Roi,0,0,0,0,0,0,0,0,Thị trấn Vĩnh Viễn,Huyện Long Mỹ,2020-10-25,190120211254PM-TDSX02_HuyenLongMy.xlsx
D.2,Quýt,0,14.59,0,14.59,15.6,20000,0,0,Thị trấn Vĩnh Viễn,Huyện Long Mỹ,2020-10-25,190120211254PM-TDSX02_HuyenLongMy.xlsx
D.2.1,Quýt đường,0,14.59,0,14.59,15.6,20000,0,0,Thị trấn Vĩnh Viễn,Huyện Long Mỹ,2020-10-25,190120211254PM-TDSX02_HuyenLongMy.xlsx
D.2.2,Quýt khác,0,0,0,0,0,0,0,0,Thị trấn Vĩnh Viễn,Huyện Long Mỹ,2020-10-25,190120211254PM-TDSX02_HuyenLongMy.xlsx
D.3,Cam,0,16.71,0,16.71,15.508677438659483,10000,0,0,Thị trấn Vĩnh Viễn,Huyện Long Mỹ,2020-10-25,190120211254PM-TDSX02_HuyenLongMy.xlsx
D.3.1,Cam sành,0,8.5,0,8.5,16,10000,0,0,Thị trấn Vĩnh Viễn,Huyện Long Mỹ,2020-10-25,190120211254PM-TDSX02_HuyenLongMy.xlsx
D.3.2,Cam xoàn,0,8.21,0,8.21,15,10000,0,0,Thị trấn Vĩnh Viễn,Huyện Long Mỹ,2020-10-25,190120211254PM-TDSX02_HuyenLongMy.xlsx
D.3.3,Cam khác,0,0,0,0,0,0,0,0,Thị trấn Vĩnh Viễn,Huyện Long Mỹ,2020-10-25,190120211254PM-TDSX02_HuyenLongMy.xlsx
D.3.4,Cam mật,0,0,0,0,0,0,0,0,Thị trấn Vĩnh Viễn,Huyện Long Mỹ,2020-10-25,190120211254PM-TDSX02_HuyenLongMy.xlsx
D.4,"Chanh, hạnh",0,13.82,0,13.82,17.428571428571427,8000,0,0,Thị trấn Vĩnh Viễn,Huyện Long Mỹ,2020-10-25,190120211254PM-TDSX02_HuyenLongMy.xlsx
D.4.1,Chanh không hạt,0,13.82,0,13.82,17.428571428571427,8000,0,0,Thị trấn Vĩnh Viễn,Huyện Long Mỹ,2020-10-25,190120211254PM-TDSX02_HuyenLongMy.xlsx
D.4.2,Chanh khác,0,0,0,0,0,0,0,0,Thị trấn Vĩnh Viễn,Huyện Long Mỹ,2020-10-25,190120211254PM-TDSX02_HuyenLongMy.xlsx
D.4.3,Cây hạnh (tắc),0,0,0,0,0,0,0,0,Thị trấn Vĩnh Viễn,Huyện Long Mỹ,2020-10-25,190120211254PM-TDSX02_HuyenLongMy.xlsx
D.5,Sầu riêng,0,0.6599999999999999,0,0.6599999999999999,18,50000,0,0,Thị trấn Vĩnh Viễn,Huyện Long Mỹ,2020-10-25,190120211254PM-TDSX02_HuyenLongMy.xlsx
D.5.1,Sầu riêng Ri 6,0,0.6599999999999999,0,0.6599999999999999,18,50000,0,0,Thị trấn Vĩnh Viễn,Huyện Long Mỹ,2020-10-25,190120211254PM-TDSX02_HuyenLongMy.xlsx
D.5.2,Sầu riêng Monthong,0,0,0,0,0,0,0,0,Thị trấn Vĩnh Viễn,Huyện Long Mỹ,2020-10-25,190120211254PM-TDSX02_HuyenLongMy.xlsx
D.5.3,Sầu riêng khổ qua,0,0,0,0,0,0,0,0,Thị trấn Vĩnh Viễn,Huyện Long Mỹ,2020-10-25,190120211254PM-TDSX02_HuyenLongMy.xlsx
D.5.4,Sầu riêng khác,0,0,0,0,0,0,0,0,Thị trấn Vĩnh Viễn,Huyện Long Mỹ,2020-10-25,190120211254PM-TDSX02_HuyenLongMy.xlsx
D.6,Xoài,0,0,0,0,0,0,0,0,Thị trấn Vĩnh Viễn,Huyện Long Mỹ,2020-10-25,190120211254PM-TDSX02_HuyenLongMy.xlsx
D.6.1,Xoài cát Hòa Lộc,0,0,0,0,0,0,0,0,Thị trấn Vĩnh Viễn,Huyện Long Mỹ,2020-10-25,190120211254PM-TDSX02_HuyenLongMy.xlsx
D.6.2,Xoài Đài Loan,0,0,0,0,0,0,0,0,Thị trấn Vĩnh Viễn,Huyện Long Mỹ,2020-10-25,190120211254PM-TDSX02_HuyenLongMy.xlsx
D.6.3,Xoài Cát Chu,0,0,0,0,0,0,0,0,Thị trấn Vĩnh Viễn,Huyện Long Mỹ,2020-10-25,190120211254PM-TDSX02_HuyenLongMy.xlsx
D.6.4,Xoài khác,0,0,0,0,0,0,0,0,Thị trấn Vĩnh Viễn,Huyện Long Mỹ,2020-10-25,190120211254PM-TDSX02_HuyenLongMy.xlsx
D.7,Ổi,0,1,0,1,20,7000,0,0,Thị trấn Vĩnh Viễn,Huyện Long Mỹ,2020-10-25,190120211254PM-TDSX02_HuyenLongMy.xlsx
D.7.1,Ổi lê,0,1,0,1,20,7000,0,0,Thị trấn Vĩnh Viễn,Huyện Long Mỹ,2020-10-25,190120211254PM-TDSX02_HuyenLongMy.xlsx
D.7.2,Ổi Nữ Hoàng,0,0,0,0,0,0,0,0,Thị trấn Vĩnh Viễn,Huyện Long Mỹ,2020-10-25,190120211254PM-TDSX02_HuyenLongMy.xlsx
D.7.3,Ổi khác,0,0,0,0,0,0,0,0,Thị trấn Vĩnh Viễn,Huyện Long Mỹ,2020-10-25,190120211254PM-TDSX02_HuyenLongMy.xlsx
D.8,Nhãn,0,0,0,0,0,0,0,0,Thị trấn Vĩnh Viễn,Huyện Long Mỹ,2020-10-25,190120211254PM-TDSX02_HuyenLongMy.xlsx
D.8.1,Nhãn IDOR,0,0,0,0,0,0,0,0,Thị trấn Vĩnh Viễn,Huyện Long Mỹ,2020-10-25,190120211254PM-TDSX02_HuyenLongMy.xlsx
D.8.2,Nhãn tiêu da bò,0,0,0,0,0,0,0,0,Thị trấn Vĩnh Viễn,Huyện Long Mỹ,2020-10-25,190120211254PM-TDSX02_HuyenLongMy.xlsx
D.8.3,Nhãn khác,0,0,0,0,0,0,0,0,Thị trấn Vĩnh Viễn,Huyện Long Mỹ,2020-10-25,190120211254PM-TDSX02_HuyenLongMy.xlsx
D.9,Chôm chôm,0,0,0,0,0,0,0,0,Thị trấn Vĩnh Viễn,Huyện Long Mỹ,2020-10-25,190120211254PM-TDSX02_HuyenLongMy.xlsx
D.9.1,Chôm chôm Thái,0,0,0,0,0,0,0,0,Thị trấn Vĩnh Viễn,Huyện Long Mỹ,2020-10-25,190120211254PM-TDSX02_HuyenLongMy.xlsx
D.9.2,Chôm chôm nhãn,0,0,0,0,0,0,0,0,Thị trấn Vĩnh Viễn,Huyện Long Mỹ,2020-10-25,190120211254PM-TDSX02_HuyenLongMy.xlsx
D.9.3,Chôm chôm thường,0,0,0,0,0,0,0,0,Thị trấn Vĩnh Viễn,Huyện Long Mỹ,2020-10-25,190120211254PM-TDSX02_HuyenLongMy.xlsx
D.9.4,Chôm chôm khác,0,0,0,0,0,0,0,0,Thị trấn Vĩnh Viễn,Huyện Long Mỹ,2020-10-25,190120211254PM-TDSX02_HuyenLongMy.xlsx
D.10,Chuối,0,0,0,0,0,0,0,0,Thị trấn Vĩnh Viễn,Huyện Long Mỹ,2020-10-25,190120211254PM-TDSX02_HuyenLongMy.xlsx
D.10.1,Chuối xiêm,0,0,0,0,0,0,0,0,Thị trấn Vĩnh Viễn,Huyện Long Mỹ,2020-10-25,190120211254PM-TDSX02_HuyenLongMy.xlsx
D.10.2,Chuối già,0,0,0,0,0,0,0,0,Thị trấn Vĩnh Viễn,Huyện Long Mỹ,2020-10-25,190120211254PM-TDSX02_HuyenLongMy.xlsx
D.10.3,Chuối khác,0,0,0,0,0,0,0,0,Thị trấn Vĩnh Viễn,Huyện Long Mỹ,2020-10-25,190120211254PM-TDSX02_HuyenLongMy.xlsx
D.11,Khóm,0,113.36,0,113.36,17.166666666666668,10833,0,0,Thị trấn Vĩnh Viễn,Huyện Long Mỹ,2020-10-25,190120211254PM-TDSX02_HuyenLongMy.xlsx
D.11.1,Khóm Queen,0,113.36,0,113.36,17.166666666666668,10833,0,0,Thị trấn Vĩnh Viễn,Huyện Long Mỹ,2020-10-25,190120211254PM-TDSX02_HuyenLongMy.xlsx
D.11.2,Khóm Cayeen,0,0,0,0,0,0,0,0,Thị trấn Vĩnh Viễn,Huyện Long Mỹ,2020-10-25,190120211254PM-TDSX02_HuyenLongMy.xlsx
D.11.3,Khóm MD2,0,0,0,0,0,0,0,0,Thị trấn Vĩnh Viễn,Huyện Long Mỹ,2020-10-25,190120211254PM-TDSX02_HuyenLongMy.xlsx
D.12,Dâu,0,2,0,2,18,10000,0,0,Thị trấn Vĩnh Viễn,Huyện Long Mỹ,2020-10-25,190120211254PM-TDSX02_HuyenLongMy.xlsx
D.13,Mãng cầu xiêm,0,12.09,0,12.09,20,12000,0,0,Thị trấn Vĩnh Viễn,Huyện Long Mỹ,2020-10-25,190120211254PM-TDSX02_HuyenLongMy.xlsx
D.14,Thanh long,0,4,0,4,18,5000,0,0,Thị trấn Vĩnh Viễn,Huyện Long Mỹ,2020-10-25,190120211254PM-TDSX02_HuyenLongMy.xlsx
D.15,Đu đủ,0,0.1,0,0.1,20,6000,0,0,Thị trấn Vĩnh Viễn,Huyện Long Mỹ,2020-10-25,190120211254PM-TDSX02_HuyenLongMy.xlsx
D.16,Mít,0,2,2,0,0,0,0,0,Thị trấn Vĩnh Viễn,Huyện Long Mỹ,2020-10-25,190120211254PM-TDSX02_HuyenLongMy.xlsx
D.17,Mận,0,0,0,0,0,0,0,0,Thị trấn Vĩnh Viễn,Huyện Long Mỹ,2020-10-25,190120211254PM-TDSX02_HuyenLongMy.xlsx
D.18,Măng cụt,0,0.4,0,0.4,15,22000,0,0,Thị trấn Vĩnh Viễn,Huyện Long Mỹ,2020-10-25,190120211254PM-TDSX02_HuyenLongMy.xlsx
D.19,Vú sữa,0,0,0,0,0,0,0,0,Thị trấn Vĩnh Viễn,Huyện Long Mỹ,2020-10-25,190120211254PM-TDSX02_HuyenLongMy.xlsx
D.20,Cây ăn trái khác,0,380.39,17,363.39,7.428571428571429,10000,0,0,Thị trấn Vĩnh Viễn,Huyện Long Mỹ,2020-10-25,190120211254PM-TDSX02_HuyenLongMy.xlsx
E,Cây rau màu,Kế hoạch vụ/năm,Diện tích đất trồng (ha),Diện tích xuống giống mới (ha),Diện tích đã thu hoạch (ha),Năng suất (tấn/ha),Diện tích lũy kế (ha),Giá bán,Giá thành,Thị trấn Vĩnh Viễn,Huyện Long Mỹ,2020-10-25,190120211254PM-TDSX02_HuyenLongMy.xlsx
E.1,"Rau ăn lá các loại, bắp cải",0,0,15,134,14,149,7000,0,Thị trấn Vĩnh Viễn,Huyện Long Mỹ,2020-10-25,190120211254PM-TDSX02_HuyenLongMy.xlsx
E.2,Hành lá,0,0,0,0,0,0,0,0,Thị trấn Vĩnh Viễn,Huyện Long Mỹ,2020-10-25,190120211254PM-TDSX02_HuyenLongMy.xlsx
E.3,Hẹ,0,0,0,1.4,7.28,1.4,10000,0,Thị trấn Vĩnh Viễn,Huyện Long Mỹ,2020-10-25,190120211254PM-TDSX02_HuyenLongMy.xlsx
E.4,Rau gia vị các loại,0,0,9,85.5,12.714285714285714,94.5,12571.42857142857,0,Thị trấn Vĩnh Viễn,Huyện Long Mỹ,2020-10-25,190120211254PM-TDSX02_HuyenLongMy.xlsx
E.5,Gừng,0,0,0,0,0,0,0,0,Thị trấn Vĩnh Viễn,Huyện Long Mỹ,2020-10-25,190120211254PM-TDSX02_HuyenLongMy.xlsx
E.6,Dưa hấu,0,0,0,20,25,20,7500,0,Thị trấn Vĩnh Viễn,Huyện Long Mỹ,2020-10-25,190120211254PM-TDSX02_HuyenLongMy.xlsx
E.7,Dưa leo,0,0,2,35,18.5,37,12000,0,Thị trấn Vĩnh Viễn,Huyện Long Mỹ,2020-10-25,190120211254PM-TDSX02_HuyenLongMy.xlsx
E.8,Dưa lưới,0,0,0,0,0,0,0,0,Thị trấn Vĩnh Viễn,Huyện Long Mỹ,2020-10-25,190120211254PM-TDSX02_HuyenLongMy.xlsx
E.9,Dưa lê,0,0,0,0,0,0,0,0,Thị trấn Vĩnh Viễn,Huyện Long Mỹ,2020-10-25,190120211254PM-TDSX02_HuyenLongMy.xlsx
E.10,Khổ qua,0,0,0,1.6,18,1.6,15000,0,Thị trấn Vĩnh Viễn,Huyện Long Mỹ,2020-10-25,190120211254PM-TDSX02_HuyenLongMy.xlsx
E.11,"Bầu, bí, mướp",0,0,0,4,0,4,0,0,Thị trấn Vĩnh Viễn,Huyện Long Mỹ,2020-10-25,190120211254PM-TDSX02_HuyenLongMy.xlsx
E.12,Ớt,0,0,0,0.8,0,0.8,0,0,Thị trấn Vĩnh Viễn,Huyện Long Mỹ,2020-10-25,190120211254PM-TDSX02_HuyenLongMy.xlsx
E.13,Cà chua,0,0,0,0,0,0,0,0,Thị trấn Vĩnh Viễn,Huyện Long Mỹ,2020-10-25,190120211254PM-TDSX02_HuyenLongMy.xlsx
E.14,Cà phổi,0,0,0,0,0,0,0,0,Thị trấn Vĩnh Viễn,Huyện Long Mỹ,2020-10-25,190120211254PM-TDSX02_HuyenLongMy.xlsx
E.15,"Đậu đũa, cove",0,0,2,68,13,70,9142.857142857143,0,Thị trấn Vĩnh Viễn,Huyện Long Mỹ,2020-10-25,190120211254PM-TDSX02_HuyenLongMy.xlsx
E.16,Đậu bắp,0,0,0,8,0,8,0,0,Thị trấn Vĩnh Viễn,Huyện Long Mỹ,2020-10-25,190120211254PM-TDSX02_HuyenLongMy.xlsx
E.17,"Đậu xanh, đậu trắng, đậu đỏ",0,0,7,36,14,43,8000,0,Thị trấn Vĩnh Viễn,Huyện Long Mỹ,2020-10-25,190120211254PM-TDSX02_HuyenLongMy.xlsx
E.18,Bắp,0,0,0,6.05,15.5,6.05,3000,0,Thị trấn Vĩnh Viễn,Huyện Long Mỹ,2020-10-25,190120211254PM-TDSX02_HuyenLongMy.xlsx
E.19,Bắp lai,0,0,0,0,0,0,0,0,Thị trấn Vĩnh Viễn,Huyện Long Mỹ,2020-10-25,190120211254PM-TDSX02_HuyenLongMy.xlsx
E.20,Khoai lang,0,0,0,0,0,0,0,0,Thị trấn Vĩnh Viễn,Huyện Long Mỹ,2020-10-25,190120211254PM-TDSX02_HuyenLongMy.xlsx
E.21,"Khoai ngọt, khoai môn",0,0,0,0,0,0,0,0,Thị trấn Vĩnh Viễn,Huyện Long Mỹ,2020-10-25,190120211254PM-TDSX02_HuyenLongMy.xlsx
E.22,Khoai từ,0,0,0,0,0,0,0,0,Thị trấn Vĩnh Viễn,Huyện Long Mỹ,2020-10-25,190120211254PM-TDSX02_HuyenLongMy.xlsx
E.23,Khoai mì,0,0,0,0,0,0,0,0,Thị trấn Vĩnh Viễn,Huyện Long Mỹ,2020-10-25,190120211254PM-TDSX02_HuyenLongMy.xlsx
E.24,Sương sáo,0,0,0,0,0,0,0,0,Thị trấn Vĩnh Viễn,Huyện Long Mỹ,2020-10-25,190120211254PM-TDSX02_HuyenLongMy.xlsx
E.25,Trầu,0,0,0,0,0,0,0,0,Thị trấn Vĩnh Viễn,Huyện Long Mỹ,2020-10-25,190120211254PM-TDSX02_HuyenLongMy.xlsx
E.26,Nấm rơm,0,0,3,68,12,71,47142.857142857145,0,Thị trấn Vĩnh Viễn,Huyện Long Mỹ,2020-10-25,190120211254PM-TDSX02_HuyenLongMy.xlsx
E.27,Cây rau khác,0,0,0,12,28,12,2000,Cụ thể loại cây,Thị trấn Vĩnh Viễn,Huyện Long Mỹ,2020-10-25,190120211254PM-TDSX02_HuyenLongMy.xlsx

